<?xml version="1.0" encoding="utf-8"?><!-- Copyright (c) Microsoft Corporation.  All rights reserved. --><GroupPolicyBackupScheme bkp:version="2.0" bkp:type="GroupPolicyBackupTemplate" xmlns:bkp="http://www.microsoft.com/GroupPolicy/GPOOperations" xmlns="http://www.microsoft.com/GroupPolicy/GPOOperations">
    <GroupPolicyObject><SecurityGroups><Group><Sid/><SamAccountName><![CDATA[Account Operators]]></SamAccountName><Type><![CDATA[Unknown]]></Type><NetBIOSDomainName/><DnsDomainName/><UPN/></Group><Group><Sid/><SamAccountName><![CDATA[Guests]]></SamAccountName><Type><![CDATA[Unknown]]></Type><NetBIOSDomainName/><DnsDomainName/><UPN/></Group><Group><Sid/><SamAccountName><![CDATA[Server Operators]]></SamAccountName><Type><![CDATA[Unknown]]></Type><NetBIOSDomainName/><DnsDomainName/><UPN/></Group><Group><Sid/><SamAccountName><![CDATA[Local account and member of Administrators group]]></SamAccountName><Type><![CDATA[Unknown]]></Type><NetBIOSDomainName/><DnsDomainName/><UPN/></Group><Group><Sid/><SamAccountName><![CDATA[SYSTEM]]></SamAccountName><Type><![CDATA[Unknown]]></Type><NetBIOSDomainName/><DnsDomainName/><UPN/></Group><Group><Sid/><SamAccountName><![CDATA[Local account]]></SamAccountName><Type><![CDATA[Unknown]]></Type><NetBIOSDomainName/><DnsDomainName/><UPN/></Group><Group><Sid/><SamAccountName><![CDATA[Administrators]]></SamAccountName><Type><![CDATA[Unknown]]></Type><NetBIOSDomainName/><DnsDomainName/><UPN/></Group><Group><Sid><![CDATA[S-1-5-21-2400943335-563463583-3894077561-500]]></Sid><SamAccountName><![CDATA[Administrator]]></SamAccountName><Type><![CDATA[User]]></Type><NetBIOSDomainName><![CDATA[CONTOSO]]></NetBIOSDomainName><DnsDomainName><![CDATA[contoso.com]]></DnsDomainName><UPN><![CDATA[Administrator@contoso.com]]></UPN></Group><Group><Sid><![CDATA[S-1-5-21-2400943335-563463583-3894077561-515]]></Sid><SamAccountName><![CDATA[Domain Computers]]></SamAccountName><Type><![CDATA[GlobalGroup]]></Type><NetBIOSDomainName><![CDATA[CONTOSO]]></NetBIOSDomainName><DnsDomainName><![CDATA[contoso.com]]></DnsDomainName><UPN><![CDATA[Domain Computers@contoso.com]]></UPN></Group><Group><Sid><![CDATA[S-1-5-21-2400943335-563463583-3894077561-516]]></Sid><SamAccountName><![CDATA[Domain Controllers]]></SamAccountName><Type><![CDATA[GlobalGroup]]></Type><NetBIOSDomainName><![CDATA[CONTOSO]]></NetBIOSDomainName><DnsDomainName><![CDATA[contoso.com]]></DnsDomainName><UPN><![CDATA[Domain Controllers@contoso.com]]></UPN></Group><Group bkp:Source="FromDACL"><Sid><![CDATA[S-1-5-21-2400943335-563463583-3894077561-519]]></Sid><SamAccountName><![CDATA[Enterprise Admins]]></SamAccountName><Type><![CDATA[UniversalGroup]]></Type><NetBIOSDomainName><![CDATA[CONTOSO]]></NetBIOSDomainName><DnsDomainName><![CDATA[contoso.com]]></DnsDomainName><UPN><![CDATA[Enterprise Admins@contoso.com]]></UPN></Group><Group><Sid><![CDATA[S-1-5-21-2400943335-563463583-3894077561-512]]></Sid><SamAccountName><![CDATA[Domain Admins]]></SamAccountName><Type><![CDATA[GlobalGroup]]></Type><NetBIOSDomainName><![CDATA[CONTOSO]]></NetBIOSDomainName><DnsDomainName><![CDATA[contoso.com]]></DnsDomainName><UPN><![CDATA[Domain Admins@contoso.com]]></UPN></Group><Group><Sid><![CDATA[S-1-5-21-2400943335-563463583-3894077561-1115]]></Sid><SamAccountName><![CDATA[BreakGlassAdmins]]></SamAccountName><Type><![CDATA[GlobalGroup]]></Type><NetBIOSDomainName><![CDATA[CONTOSO]]></NetBIOSDomainName><DnsDomainName><![CDATA[contoso.com]]></DnsDomainName><UPN><![CDATA[BreakGlassAdmins@contoso.com]]></UPN></Group><Group><Sid><![CDATA[S-1-5-21-2400943335-563463583-3894077561-1116]]></Sid><SamAccountName><![CDATA[Tier0Admins]]></SamAccountName><Type><![CDATA[GlobalGroup]]></Type><NetBIOSDomainName><![CDATA[CONTOSO]]></NetBIOSDomainName><DnsDomainName><![CDATA[contoso.com]]></DnsDomainName><UPN><![CDATA[Tier0Admins@contoso.com]]></UPN></Group><Group><Sid><![CDATA[S-1-5-21-2400943335-563463583-3894077561-1117]]></Sid><SamAccountName><![CDATA[AdminDomainJoin]]></SamAccountName><Type><![CDATA[GlobalGroup]]></Type><NetBIOSDomainName><![CDATA[CONTOSO]]></NetBIOSDomainName><DnsDomainName><![CDATA[contoso.com]]></DnsDomainName><UPN><![CDATA[AdminDomainJoin@contoso.com]]></UPN></Group><Group><Sid><![CDATA[S-1-5-21-2400943335-563463583-3894077561-1118]]></Sid><SamAccountName><![CDATA[Tier 0 Application Operators]]></SamAccountName><Type><![CDATA[GlobalGroup]]></Type><NetBIOSDomainName><![CDATA[CONTOSO]]></NetBIOSDomainName><DnsDomainName><![CDATA[contoso.com]]></DnsDomainName><UPN><![CDATA[Tier 0 Application Operators@contoso.com]]></UPN></Group><Group><Sid><![CDATA[S-1-5-21-2400943335-563463583-3894077561-1124]]></Sid><SamAccountName><![CDATA[Tier0Operators]]></SamAccountName><Type><![CDATA[GlobalGroup]]></Type><NetBIOSDomainName><![CDATA[CONTOSO]]></NetBIOSDomainName><DnsDomainName><![CDATA[contoso.com]]></DnsDomainName><UPN><![CDATA[Tier0Operators@contoso.com]]></UPN></Group><Group><Sid><![CDATA[S-1-5-21-2400943335-563463583-3894077561-1125]]></Sid><SamAccountName><![CDATA[Tier0ServerOperators]]></SamAccountName><Type><![CDATA[GlobalGroup]]></Type><NetBIOSDomainName><![CDATA[CONTOSO]]></NetBIOSDomainName><DnsDomainName><![CDATA[contoso.com]]></DnsDomainName><UPN><![CDATA[Tier0ServerOperators@contoso.com]]></UPN></Group></SecurityGroups><FilePaths/><GroupPolicyCoreSettings><ID><![CDATA[{0A4F8C71-134A-4033-AA78-B61EF5ACDC0D}]]></ID><Domain><![CDATA[contoso.com]]></Domain><SecurityDescriptor>01 00 04 9c 00 00 00 00 00 00 00 00 00 00 00 00 14 00 00 00 04 00 ec 00 08 00 00 00 05 02 28 00 00 01 00 00 01 00 00 00 8f fd ac ed b3 ff d1 11 b4 1d 00 a0 c9 68 f9 39 01 01 00 00 00 00 00 05 0b 00 00 00 00 00 24 00 ff 00 0f 00 01 05 00 00 00 00 00 05 15 00 00 00 e7 7c 1b 8f 9f c5 95 21 79 e8 1a e8 00 02 00 00 00 02 24 00 ff 00 0f 00 01 05 00 00 00 00 00 05 15 00 00 00 e7 7c 1b 8f 9f c5 95 21 79 e8 1a e8 00 02 00 00 00 02 24 00 ff 00 0f 00 01 05 00 00 00 00 00 05 15 00 00 00 e7 7c 1b 8f 9f c5 95 21 79 e8 1a e8 07 02 00 00 00 02 14 00 94 00 02 00 01 01 00 00 00 00 00 05 09 00 00 00 00 02 14 00 94 00 02 00 01 01 00 00 00 00 00 05 0b 00 00 00 00 02 14 00 ff 00 0f 00 01 01 00 00 00 00 00 05 12 00 00 00 00 0a 14 00 ff 00 0f 00 01 01 00 00 00 00 00 03 00 00 00 00</SecurityDescriptor><DisplayName><![CDATA[*- Tier 0 Servers]]></DisplayName><Options><![CDATA[1]]></Options><UserVersionNumber><![CDATA[65537]]></UserVersionNumber><MachineVersionNumber><![CDATA[655370]]></MachineVersionNumber><MachineExtensionGuids><![CDATA[[{827D319E-6EAC-11D2-A4EA-00C04F79F83A}{803E14A0-B4FB-11D0-A0D0-00A0C90F574B}]]]></MachineExtensionGuids><UserExtensionGuids/><WMIFilter/></GroupPolicyCoreSettings> 
        <GroupPolicyExtension bkp:ID="{35378EAC-683F-11D2-A89A-00C04FBBCFA2}" bkp:DescName="Registry">
            
            
            <FSObjectFile bkp:Path="%GPO_FSPATH%\Adm\*.*" bkp:SourceExpandedPath="\\WIN-QVUK5D2VQ2V.contoso.com\sysvol\contoso.com\Policies\{0A4F8C71-134A-4033-AA78-B61EF5ACDC0D}\Adm\*.*"/>
        </GroupPolicyExtension>
        
        
        
        
        <GroupPolicyExtension bkp:ID="{827D319E-6EAC-11D2-A4EA-00C04F79F83A}" bkp:DescName="Security">
            <FSObjectFile bkp:Path="%GPO_MACH_FSPATH%\microsoft\windows nt\SecEdit\GptTmpl.inf" bkp:SourceExpandedPath="\\WIN-QVUK5D2VQ2V.contoso.com\sysvol\contoso.com\Policies\{0A4F8C71-134A-4033-AA78-B61EF5ACDC0D}\Machine\microsoft\windows nt\SecEdit\GptTmpl.inf" bkp:ReEvaluateFunction="SecurityValidateSettings" bkp:Location="DomainSysvol\GPO\Machine\microsoft\windows nt\SecEdit\GptTmpl.inf"/>
        </GroupPolicyExtension>
        
        
        
        
    <GroupPolicyExtension bkp:ID="{F15C46CD-82A0-4C2D-A210-5D0D3182A418}" bkp:DescName="Unknown Extension"><FSObjectDir bkp:Path="%GPO_MACH_FSPATH%\microsoft" bkp:SourceExpandedPath="\\WIN-QVUK5D2VQ2V.contoso.com\sysvol\contoso.com\Policies\{0A4F8C71-134A-4033-AA78-B61EF5ACDC0D}\Machine\microsoft" bkp:Location="DomainSysvol\GPO\Machine\microsoft"/><FSObjectDir bkp:Path="%GPO_MACH_FSPATH%\microsoft\windows nt" bkp:SourceExpandedPath="\\WIN-QVUK5D2VQ2V.contoso.com\sysvol\contoso.com\Policies\{0A4F8C71-134A-4033-AA78-B61EF5ACDC0D}\Machine\microsoft\windows nt" bkp:Location="DomainSysvol\GPO\Machine\microsoft\windows nt"/><FSObjectDir bkp:Path="%GPO_MACH_FSPATH%\microsoft\windows nt\SecEdit" bkp:SourceExpandedPath="\\WIN-QVUK5D2VQ2V.contoso.com\sysvol\contoso.com\Policies\{0A4F8C71-134A-4033-AA78-B61EF5ACDC0D}\Machine\microsoft\windows nt\SecEdit" bkp:Location="DomainSysvol\GPO\Machine\microsoft\windows nt\SecEdit"/><FSObjectDir bkp:Path="%GPO_MACH_FSPATH%\Scripts" bkp:SourceExpandedPath="\\WIN-QVUK5D2VQ2V.contoso.com\sysvol\contoso.com\Policies\{0A4F8C71-134A-4033-AA78-B61EF5ACDC0D}\Machine\Scripts" bkp:Location="DomainSysvol\GPO\Machine\Scripts"/><FSObjectDir bkp:Path="%GPO_MACH_FSPATH%\Scripts\Shutdown" bkp:SourceExpandedPath="\\WIN-QVUK5D2VQ2V.contoso.com\sysvol\contoso.com\Policies\{0A4F8C71-134A-4033-AA78-B61EF5ACDC0D}\Machine\Scripts\Shutdown" bkp:Location="DomainSysvol\GPO\Machine\Scripts\Shutdown"/><FSObjectDir bkp:Path="%GPO_MACH_FSPATH%\Scripts\Startup" bkp:SourceExpandedPath="\\WIN-QVUK5D2VQ2V.contoso.com\sysvol\contoso.com\Policies\{0A4F8C71-134A-4033-AA78-B61EF5ACDC0D}\Machine\Scripts\Startup" bkp:Location="DomainSysvol\GPO\Machine\Scripts\Startup"/></GroupPolicyExtension></GroupPolicyObject>
</GroupPolicyBackupScheme>