<BackupInst xmlns="http://www.microsoft.com/GroupPolicy/GPOOperations/Manifest"><GPOGuid><![CDATA[{AAE87581-DF6C-41E2-94FA-DE1E7A4F4E0B}]]></GPOGuid><GPODomain><![CDATA[contoso.com]]></GPODomain><GPODomainGuid><![CDATA[{f0c9a534-b03f-4f34-b74e-9a58750f24e0}]]></GPODomainGuid><GPODomainController><![CDATA[WIN-QVUK5D2VQ2V.contoso.com]]></GPODomainController><BackupTime><![CDATA[2018-06-28T12:52:49]]></BackupTime><ID><![CDATA[{93C8DCF6-E0F0-4421-AF52-5F2DD41C0A75}]]></ID><Comment><![CDATA[]]></Comment><GPODisplayName><![CDATA[*- Computer Quarantine]]></GPODisplayName></BackupInst>
