<BackupInst xmlns="http://www.microsoft.com/GroupPolicy/GPOOperations/Manifest"><GPOGuid><![CDATA[{4FD94D9C-9FBA-43F8-9FE6-434118809211}]]></GPOGuid><GPODomain><![CDATA[treyresearch.net]]></GPODomain><GPODomainGuid><![CDATA[{eec1d81e-fb6a-4aad-8469-9cbf0c84fbce}]]></GPODomainGuid><GPODomainController><![CDATA[WIN-F1GJ2LI24P0.treyresearch.net]]></GPODomainController><BackupTime><![CDATA[2018-12-31T06:08:25]]></BackupTime><ID><![CDATA[{C8DC597B-9052-4256-B357-5934E245A5DC}]]></ID><Comment><![CDATA[]]></Comment><GPODisplayName><![CDATA[*- Tier 0 DCs MSFT Windows 10 and Server 2016 Defender]]></GPODisplayName></BackupInst>
