<BackupInst xmlns="http://www.microsoft.com/GroupPolicy/GPOOperations/Manifest"><GPOGuid><![CDATA[{DF0AEFAE-B95A-4FA0-9B5E-1C8D81C9FF89}]]></GPOGuid><GPODomain><![CDATA[contoso.com]]></GPODomain><GPODomainGuid><![CDATA[{f0c9a534-b03f-4f34-b74e-9a58750f24e0}]]></GPODomainGuid><GPODomainController><![CDATA[WIN-QVUK5D2VQ2V.contoso.com]]></GPODomainController><BackupTime><![CDATA[2018-06-28T12:52:38]]></BackupTime><ID><![CDATA[{F93179AF-A623-49B3-A603-09C3C3CF3C40}]]></ID><Comment><![CDATA[]]></Comment><GPODisplayName><![CDATA[*- Tier 0 DCs SCM Windows Server 2016 - Domain Controller Baseline]]></GPODisplayName></BackupInst>
