<BackupInst xmlns="http://www.microsoft.com/GroupPolicy/GPOOperations/Manifest"><GPOGuid><![CDATA[{82E477CA-F035-4C7F-A118-94C7A475D4DA}]]></GPOGuid><GPODomain><![CDATA[contoso.com]]></GPODomain><GPODomainGuid><![CDATA[{f0c9a534-b03f-4f34-b74e-9a58750f24e0}]]></GPODomainGuid><GPODomainController><![CDATA[WIN-QVUK5D2VQ2V.contoso.com]]></GPODomainController><BackupTime><![CDATA[2018-06-28T12:53:16]]></BackupTime><ID><![CDATA[{7938C855-E1B8-448D-8C97-6530594DDF82}]]></ID><Comment><![CDATA[]]></Comment><GPODisplayName><![CDATA[*- MSFT Windows 10 and Server 2016 - Domain Security]]></GPODisplayName></BackupInst>
