<BackupInst xmlns="http://www.microsoft.com/GroupPolicy/GPOOperations/Manifest"><GPOGuid><![CDATA[{48BFC23D-1D34-4A7C-AB5B-DC6723FB58B1}]]></GPOGuid><GPODomain><![CDATA[treyresearch.net]]></GPODomain><GPODomainGuid><![CDATA[{eec1d81e-fb6a-4aad-8469-9cbf0c84fbce}]]></GPODomainGuid><GPODomainController><![CDATA[WIN-F1GJ2LI24P0.treyresearch.net]]></GPODomainController><BackupTime><![CDATA[2018-12-31T06:09:02]]></BackupTime><ID><![CDATA[{28E5A402-27C7-4891-9727-1BBC37B578FE}]]></ID><Comment><![CDATA[]]></Comment><GPODisplayName><![CDATA[*- Tier 0 PAWs MSFT Windows 10 1809 and Server 2019 Member Server - Credential Guard]]></GPODisplayName></BackupInst>
