<?xml version="1.0" encoding="utf-8"?><!-- Copyright (c) Microsoft Corporation.  All rights reserved. --><GroupPolicyBackupScheme bkp:version="2.0" bkp:type="GroupPolicyBackupTemplate" xmlns:bkp="http://www.microsoft.com/GroupPolicy/GPOOperations" xmlns="http://www.microsoft.com/GroupPolicy/GPOOperations">
    <GroupPolicyObject><SecurityGroups><Group><Sid/><SamAccountName><![CDATA[Print Operators]]></SamAccountName><Type><![CDATA[Unknown]]></Type><NetBIOSDomainName/><DnsDomainName/><UPN/></Group><Group><Sid/><SamAccountName><![CDATA[Guests]]></SamAccountName><Type><![CDATA[Unknown]]></Type><NetBIOSDomainName/><DnsDomainName/><UPN/></Group><Group><Sid/><SamAccountName><![CDATA[Backup Operators]]></SamAccountName><Type><![CDATA[Unknown]]></Type><NetBIOSDomainName/><DnsDomainName/><UPN/></Group><Group><Sid/><SamAccountName><![CDATA[Account Operators]]></SamAccountName><Type><![CDATA[Unknown]]></Type><NetBIOSDomainName/><DnsDomainName/><UPN/></Group><Group><Sid/><SamAccountName><![CDATA[Administrators]]></SamAccountName><Type><![CDATA[Unknown]]></Type><NetBIOSDomainName/><DnsDomainName/><UPN/></Group><Group><Sid/><SamAccountName><![CDATA[Authenticated Users]]></SamAccountName><Type><![CDATA[Unknown]]></Type><NetBIOSDomainName/><DnsDomainName/><UPN/></Group><Group><Sid/><SamAccountName><![CDATA[Replicator]]></SamAccountName><Type><![CDATA[Unknown]]></Type><NetBIOSDomainName/><DnsDomainName/><UPN/></Group><Group><Sid/><SamAccountName><![CDATA[Remote Desktop Users]]></SamAccountName><Type><![CDATA[Unknown]]></Type><NetBIOSDomainName/><DnsDomainName/><UPN/></Group><Group><Sid/><SamAccountName><![CDATA[Power Users]]></SamAccountName><Type><![CDATA[Unknown]]></Type><NetBIOSDomainName/><DnsDomainName/><UPN/></Group><Group><Sid/><SamAccountName><![CDATA[Network Configuration Operators]]></SamAccountName><Type><![CDATA[Unknown]]></Type><NetBIOSDomainName/><DnsDomainName/><UPN/></Group><Group><Sid/><SamAccountName><![CDATA[Hyper-V Administrators]]></SamAccountName><Type><![CDATA[Unknown]]></Type><NetBIOSDomainName/><DnsDomainName/><UPN/></Group><Group><Sid/><SamAccountName><![CDATA[Cryptographic Operators]]></SamAccountName><Type><![CDATA[Unknown]]></Type><NetBIOSDomainName/><DnsDomainName/><UPN/></Group><Group bkp:Source="FromDACL"><Sid><![CDATA[S-1-5-21-2335210596-2040447064-1813778954-519]]></Sid><SamAccountName><![CDATA[Enterprise Admins]]></SamAccountName><Type><![CDATA[UniversalGroup]]></Type><NetBIOSDomainName><![CDATA[TREYRESEARCH]]></NetBIOSDomainName><DnsDomainName><![CDATA[treyresearch.net]]></DnsDomainName><UPN><![CDATA[Enterprise Admins@treyresearch.net]]></UPN></Group><Group><Sid><![CDATA[S-1-5-21-2335210596-2040447064-1813778954-512]]></Sid><SamAccountName><![CDATA[Domain Admins]]></SamAccountName><Type><![CDATA[GlobalGroup]]></Type><NetBIOSDomainName><![CDATA[TREYRESEARCH]]></NetBIOSDomainName><DnsDomainName><![CDATA[treyresearch.net]]></DnsDomainName><UPN><![CDATA[Domain Admins@treyresearch.net]]></UPN></Group><Group><Sid><![CDATA[S-1-5-21-2335210596-2040447064-1813778954-520]]></Sid><SamAccountName><![CDATA[Group Policy Creator Owners]]></SamAccountName><Type><![CDATA[GlobalGroup]]></Type><NetBIOSDomainName><![CDATA[TREYRESEARCH]]></NetBIOSDomainName><DnsDomainName><![CDATA[treyresearch.net]]></DnsDomainName><UPN><![CDATA[Group Policy Creator Owners@treyresearch.net]]></UPN></Group><Group><Sid><![CDATA[S-1-5-21-2335210596-2040447064-1813778954-1104]]></Sid><SamAccountName><![CDATA[Tier1Admins]]></SamAccountName><Type><![CDATA[GlobalGroup]]></Type><NetBIOSDomainName><![CDATA[TREYRESEARCH]]></NetBIOSDomainName><DnsDomainName><![CDATA[treyresearch.net]]></DnsDomainName><UPN><![CDATA[Tier1Admins@treyresearch.net]]></UPN></Group><Group><Sid><![CDATA[S-1-5-21-2335210596-2040447064-1813778954-1106]]></Sid><SamAccountName><![CDATA[Tier1Operators]]></SamAccountName><Type><![CDATA[GlobalGroup]]></Type><NetBIOSDomainName><![CDATA[TREYRESEARCH]]></NetBIOSDomainName><DnsDomainName><![CDATA[treyresearch.net]]></DnsDomainName><UPN><![CDATA[Tier1Operators@treyresearch.net]]></UPN></Group><Group><Sid><![CDATA[S-1-5-21-2335210596-2040447064-1813778954-1108]]></Sid><SamAccountName><![CDATA[Tier2Admins]]></SamAccountName><Type><![CDATA[GlobalGroup]]></Type><NetBIOSDomainName><![CDATA[TREYRESEARCH]]></NetBIOSDomainName><DnsDomainName><![CDATA[treyresearch.net]]></DnsDomainName><UPN><![CDATA[Tier2Admins@treyresearch.net]]></UPN></Group><Group><Sid><![CDATA[S-1-5-21-2335210596-2040447064-1813778954-1109]]></Sid><SamAccountName><![CDATA[Tier2AccountOperators]]></SamAccountName><Type><![CDATA[GlobalGroup]]></Type><NetBIOSDomainName><![CDATA[TREYRESEARCH]]></NetBIOSDomainName><DnsDomainName><![CDATA[treyresearch.net]]></DnsDomainName><UPN><![CDATA[Tier2AccountOperators@treyresearch.net]]></UPN></Group><Group><Sid><![CDATA[S-1-5-21-2335210596-2040447064-1813778954-1110]]></Sid><SamAccountName><![CDATA[Tier 2 Computer Quarantine Operators]]></SamAccountName><Type><![CDATA[GlobalGroup]]></Type><NetBIOSDomainName><![CDATA[TREYRESEARCH]]></NetBIOSDomainName><DnsDomainName><![CDATA[treyresearch.net]]></DnsDomainName><UPN><![CDATA[Tier 2 Computer Quarantine Operators@treyresearch.net]]></UPN></Group><Group><Sid><![CDATA[S-1-5-21-2335210596-2040447064-1813778954-1111]]></Sid><SamAccountName><![CDATA[Tier2DeviceOperators]]></SamAccountName><Type><![CDATA[GlobalGroup]]></Type><NetBIOSDomainName><![CDATA[TREYRESEARCH]]></NetBIOSDomainName><DnsDomainName><![CDATA[treyresearch.net]]></DnsDomainName><UPN><![CDATA[Tier2DeviceOperators@treyresearch.net]]></UPN></Group><Group><Sid><![CDATA[S-1-5-21-2335210596-2040447064-1813778954-1112]]></Sid><SamAccountName><![CDATA[Tier2GroupOperators]]></SamAccountName><Type><![CDATA[GlobalGroup]]></Type><NetBIOSDomainName><![CDATA[TREYRESEARCH]]></NetBIOSDomainName><DnsDomainName><![CDATA[treyresearch.net]]></DnsDomainName><UPN><![CDATA[Tier2GroupOperators@treyresearch.net]]></UPN></Group><Group><Sid><![CDATA[S-1-5-21-2335210596-2040447064-1813778954-1113]]></Sid><SamAccountName><![CDATA[Tier2HelpdeskOperators]]></SamAccountName><Type><![CDATA[GlobalGroup]]></Type><NetBIOSDomainName><![CDATA[TREYRESEARCH]]></NetBIOSDomainName><DnsDomainName><![CDATA[treyresearch.net]]></DnsDomainName><UPN><![CDATA[Tier2HelpdeskOperators@treyresearch.net]]></UPN></Group><Group><Sid><![CDATA[S-1-5-21-2335210596-2040447064-1813778954-1115]]></Sid><SamAccountName><![CDATA[BreakGlassAdmins]]></SamAccountName><Type><![CDATA[GlobalGroup]]></Type><NetBIOSDomainName><![CDATA[TREYRESEARCH]]></NetBIOSDomainName><DnsDomainName><![CDATA[treyresearch.net]]></DnsDomainName><UPN><![CDATA[BreakGlassAdmins@treyresearch.net]]></UPN></Group><Group><Sid><![CDATA[S-1-5-21-2335210596-2040447064-1813778954-1116]]></Sid><SamAccountName><![CDATA[Tier0Admins]]></SamAccountName><Type><![CDATA[GlobalGroup]]></Type><NetBIOSDomainName><![CDATA[TREYRESEARCH]]></NetBIOSDomainName><DnsDomainName><![CDATA[treyresearch.net]]></DnsDomainName><UPN><![CDATA[Tier0Admins@treyresearch.net]]></UPN></Group><Group><Sid><![CDATA[S-1-5-21-2335210596-2040447064-1813778954-1117]]></Sid><SamAccountName><![CDATA[AdminDomainJoin]]></SamAccountName><Type><![CDATA[GlobalGroup]]></Type><NetBIOSDomainName><![CDATA[TREYRESEARCH]]></NetBIOSDomainName><DnsDomainName><![CDATA[treyresearch.net]]></DnsDomainName><UPN><![CDATA[AdminDomainJoin@treyresearch.net]]></UPN></Group><Group><Sid><![CDATA[S-1-5-21-2335210596-2040447064-1813778954-1124]]></Sid><SamAccountName><![CDATA[Tier0Operators]]></SamAccountName><Type><![CDATA[GlobalGroup]]></Type><NetBIOSDomainName><![CDATA[TREYRESEARCH]]></NetBIOSDomainName><DnsDomainName><![CDATA[treyresearch.net]]></DnsDomainName><UPN><![CDATA[Tier0Operators@treyresearch.net]]></UPN></Group></SecurityGroups><FilePaths/><GroupPolicyCoreSettings><ID><![CDATA[{CF9B98A5-8890-492A-AACE-4FB21FCF7A41}]]></ID><Domain><![CDATA[treyresearch.net]]></Domain><SecurityDescriptor>01 00 04 9c 00 00 00 00 00 00 00 00 00 00 00 00 14 00 00 00 04 00 ec 00 08 00 00 00 05 02 28 00 00 01 00 00 01 00 00 00 8f fd ac ed b3 ff d1 11 b4 1d 00 a0 c9 68 f9 39 01 01 00 00 00 00 00 05 0b 00 00 00 00 00 24 00 ff 00 0f 00 01 05 00 00 00 00 00 05 15 00 00 00 64 7c 30 8b 58 c0 9e 79 0a 12 1c 6c 00 02 00 00 00 02 24 00 ff 00 0f 00 01 05 00 00 00 00 00 05 15 00 00 00 64 7c 30 8b 58 c0 9e 79 0a 12 1c 6c 00 02 00 00 00 02 24 00 ff 00 0f 00 01 05 00 00 00 00 00 05 15 00 00 00 64 7c 30 8b 58 c0 9e 79 0a 12 1c 6c 07 02 00 00 00 02 14 00 94 00 02 00 01 01 00 00 00 00 00 05 09 00 00 00 00 02 14 00 94 00 02 00 01 01 00 00 00 00 00 05 0b 00 00 00 00 02 14 00 ff 00 0f 00 01 01 00 00 00 00 00 05 12 00 00 00 00 0a 14 00 ff 00 0f 00 01 01 00 00 00 00 00 03 00 00 00 00</SecurityDescriptor><DisplayName><![CDATA[*- Computer Quarantine]]></DisplayName><Options><![CDATA[1]]></Options><UserVersionNumber><![CDATA[65537]]></UserVersionNumber><MachineVersionNumber><![CDATA[65537]]></MachineVersionNumber><MachineExtensionGuids><![CDATA[[{00000000-0000-0000-0000-000000000000}{79F92669-4224-476C-9C5C-6EFB4D87DF4A}][{17D89FEC-5C44-4972-B12D-241CAEF74509}{79F92669-4224-476C-9C5C-6EFB4D87DF4A}][{827D319E-6EAC-11D2-A4EA-00C04F79F83A}{803E14A0-B4FB-11D0-A0D0-00A0C90F574B}]]]></MachineExtensionGuids><UserExtensionGuids/><WMIFilter/></GroupPolicyCoreSettings> 
        <GroupPolicyExtension bkp:ID="{35378EAC-683F-11D2-A89A-00C04FBBCFA2}" bkp:DescName="Registry">
            
            
            <FSObjectFile bkp:Path="%GPO_FSPATH%\Adm\*.*" bkp:SourceExpandedPath="\\WIN-F1GJ2LI24P0.treyresearch.net\sysvol\treyresearch.net\Policies\{CF9B98A5-8890-492A-AACE-4FB21FCF7A41}\Adm\*.*"/>
        </GroupPolicyExtension>
        
        
        
        
        <GroupPolicyExtension bkp:ID="{827D319E-6EAC-11D2-A4EA-00C04F79F83A}" bkp:DescName="Security">
            <FSObjectFile bkp:Path="%GPO_MACH_FSPATH%\microsoft\windows nt\SecEdit\GptTmpl.inf" bkp:SourceExpandedPath="\\WIN-F1GJ2LI24P0.treyresearch.net\sysvol\treyresearch.net\Policies\{CF9B98A5-8890-492A-AACE-4FB21FCF7A41}\Machine\microsoft\windows nt\SecEdit\GptTmpl.inf" bkp:ReEvaluateFunction="SecurityValidateSettings" bkp:Location="DomainSysvol\GPO\Machine\microsoft\windows nt\SecEdit\GptTmpl.inf"/>
        </GroupPolicyExtension>
        
        
        
        
    <GroupPolicyExtension bkp:ID="{F15C46CD-82A0-4C2D-A210-5D0D3182A418}" bkp:DescName="Unknown Extension"><FSObjectDir bkp:Path="%GPO_MACH_FSPATH%\microsoft" bkp:SourceExpandedPath="\\WIN-F1GJ2LI24P0.treyresearch.net\sysvol\treyresearch.net\Policies\{CF9B98A5-8890-492A-AACE-4FB21FCF7A41}\Machine\microsoft" bkp:Location="DomainSysvol\GPO\Machine\microsoft"/><FSObjectDir bkp:Path="%GPO_MACH_FSPATH%\microsoft\windows nt" bkp:SourceExpandedPath="\\WIN-F1GJ2LI24P0.treyresearch.net\sysvol\treyresearch.net\Policies\{CF9B98A5-8890-492A-AACE-4FB21FCF7A41}\Machine\microsoft\windows nt" bkp:Location="DomainSysvol\GPO\Machine\microsoft\windows nt"/><FSObjectDir bkp:Path="%GPO_MACH_FSPATH%\microsoft\windows nt\SecEdit" bkp:SourceExpandedPath="\\WIN-F1GJ2LI24P0.treyresearch.net\sysvol\treyresearch.net\Policies\{CF9B98A5-8890-492A-AACE-4FB21FCF7A41}\Machine\microsoft\windows nt\SecEdit" bkp:Location="DomainSysvol\GPO\Machine\microsoft\windows nt\SecEdit"/><FSObjectDir bkp:Path="%GPO_MACH_FSPATH%\Preferences" bkp:SourceExpandedPath="\\WIN-F1GJ2LI24P0.treyresearch.net\sysvol\treyresearch.net\Policies\{CF9B98A5-8890-492A-AACE-4FB21FCF7A41}\Machine\Preferences" bkp:Location="DomainSysvol\GPO\Machine\Preferences"/><FSObjectDir bkp:Path="%GPO_MACH_FSPATH%\Preferences\Groups" bkp:SourceExpandedPath="\\WIN-F1GJ2LI24P0.treyresearch.net\sysvol\treyresearch.net\Policies\{CF9B98A5-8890-492A-AACE-4FB21FCF7A41}\Machine\Preferences\Groups" bkp:Location="DomainSysvol\GPO\Machine\Preferences\Groups"/><FSObjectFile bkp:Path="%GPO_MACH_FSPATH%\Preferences\Groups\Groups.xml" bkp:SourceExpandedPath="\\WIN-F1GJ2LI24P0.treyresearch.net\sysvol\treyresearch.net\Policies\{CF9B98A5-8890-492A-AACE-4FB21FCF7A41}\Machine\Preferences\Groups\Groups.xml" bkp:Location="DomainSysvol\GPO\Machine\Preferences\Groups\Groups.xml"/><FSObjectDir bkp:Path="%GPO_MACH_FSPATH%\Scripts" bkp:SourceExpandedPath="\\WIN-F1GJ2LI24P0.treyresearch.net\sysvol\treyresearch.net\Policies\{CF9B98A5-8890-492A-AACE-4FB21FCF7A41}\Machine\Scripts" bkp:Location="DomainSysvol\GPO\Machine\Scripts"/><FSObjectDir bkp:Path="%GPO_MACH_FSPATH%\Scripts\Shutdown" bkp:SourceExpandedPath="\\WIN-F1GJ2LI24P0.treyresearch.net\sysvol\treyresearch.net\Policies\{CF9B98A5-8890-492A-AACE-4FB21FCF7A41}\Machine\Scripts\Shutdown" bkp:Location="DomainSysvol\GPO\Machine\Scripts\Shutdown"/><FSObjectDir bkp:Path="%GPO_MACH_FSPATH%\Scripts\Startup" bkp:SourceExpandedPath="\\WIN-F1GJ2LI24P0.treyresearch.net\sysvol\treyresearch.net\Policies\{CF9B98A5-8890-492A-AACE-4FB21FCF7A41}\Machine\Scripts\Startup" bkp:Location="DomainSysvol\GPO\Machine\Scripts\Startup"/></GroupPolicyExtension></GroupPolicyObject>
</GroupPolicyBackupScheme>