<BackupInst xmlns="http://www.microsoft.com/GroupPolicy/GPOOperations/Manifest"><GPOGuid><![CDATA[{CF9B98A5-8890-492A-AACE-4FB21FCF7A41}]]></GPOGuid><GPODomain><![CDATA[treyresearch.net]]></GPODomain><GPODomainGuid><![CDATA[{eec1d81e-fb6a-4aad-8469-9cbf0c84fbce}]]></GPODomainGuid><GPODomainController><![CDATA[WIN-F1GJ2LI24P0.treyresearch.net]]></GPODomainController><BackupTime><![CDATA[2018-12-31T06:08:46]]></BackupTime><ID><![CDATA[{D26561FC-FEF2-41F2-A42B-194060D640CC}]]></ID><Comment><![CDATA[]]></Comment><GPODisplayName><![CDATA[*- Computer Quarantine]]></GPODisplayName></BackupInst>
