<BackupInst xmlns="http://www.microsoft.com/GroupPolicy/GPOOperations/Manifest"><GPOGuid><![CDATA[{B86935F4-A1CB-45A7-882E-5A2AE2D764EC}]]></GPOGuid><GPODomain><![CDATA[contoso.com]]></GPODomain><GPODomainGuid><![CDATA[{f0c9a534-b03f-4f34-b74e-9a58750f24e0}]]></GPODomainGuid><GPODomainController><![CDATA[WIN-QVUK5D2VQ2V.contoso.com]]></GPODomainController><BackupTime><![CDATA[2018-06-28T12:52:58]]></BackupTime><ID><![CDATA[{D4EA4073-E725-4BB4-9F89-9D03452F3211}]]></ID><Comment><![CDATA[]]></Comment><GPODisplayName><![CDATA[*- Tier 0 Servers MSFT Windows Server 2012 R2 Member Server Baseline]]></GPODisplayName></BackupInst>
