<BackupInst xmlns="http://www.microsoft.com/GroupPolicy/GPOOperations/Manifest"><GPOGuid><![CDATA[{B5637999-4801-4510-81B3-5A03F98262F3}]]></GPOGuid><GPODomain><![CDATA[contoso.com]]></GPODomain><GPODomainGuid><![CDATA[{f0c9a534-b03f-4f34-b74e-9a58750f24e0}]]></GPODomainGuid><GPODomainController><![CDATA[WIN-QVUK5D2VQ2V.contoso.com]]></GPODomainController><BackupTime><![CDATA[2018-06-28T12:52:49]]></BackupTime><ID><![CDATA[{DF7F08BE-AF08-4533-AC00-D1D234EE2784}]]></ID><Comment><![CDATA[]]></Comment><GPODisplayName><![CDATA[*- WMI Filter Placeholder GPO - Not in Use]]></GPODisplayName></BackupInst>
