<BackupInst xmlns="http://www.microsoft.com/GroupPolicy/GPOOperations/Manifest"><GPOGuid><![CDATA[{263AF9FB-8B9E-4881-BB0D-91D1FAA9F8D5}]]></GPOGuid><GPODomain><![CDATA[contoso.com]]></GPODomain><GPODomainGuid><![CDATA[{f0c9a534-b03f-4f34-b74e-9a58750f24e0}]]></GPODomainGuid><GPODomainController><![CDATA[WIN-QVUK5D2VQ2V.contoso.com]]></GPODomainController><BackupTime><![CDATA[2018-06-28T12:53:13]]></BackupTime><ID><![CDATA[{F76EFEFF-9E34-4308-9490-108FF72218B5}]]></ID><Comment><![CDATA[]]></Comment><GPODisplayName><![CDATA[*- Tier 2 PAWs MSFT Windows 10 RS4 - Bitlocker]]></GPODisplayName></BackupInst>
