<BackupInst xmlns="http://www.microsoft.com/GroupPolicy/GPOOperations/Manifest"><GPOGuid><![CDATA[{2A7DA672-2BDB-4C04-B9A3-389783662E7A}]]></GPOGuid><GPODomain><![CDATA[contoso.com]]></GPODomain><GPODomainGuid><![CDATA[{f0c9a534-b03f-4f34-b74e-9a58750f24e0}]]></GPODomainGuid><GPODomainController><![CDATA[WIN-QVUK5D2VQ2V.contoso.com]]></GPODomainController><BackupTime><![CDATA[2018-06-28T12:53:05]]></BackupTime><ID><![CDATA[{8EBE9808-E064-42E9-8694-33E9AC3F7778}]]></ID><Comment><![CDATA[]]></Comment><GPODisplayName><![CDATA[*- Tier 1 PAWs MSFT Windows 10 and Server 2016 Defender - Windows 10 RS2]]></GPODisplayName></BackupInst>
