<BackupInst xmlns="http://www.microsoft.com/GroupPolicy/GPOOperations/Manifest"><GPOGuid><![CDATA[{BEA249C9-EAC4-41E5-B2E7-ED223CD43574}]]></GPOGuid><GPODomain><![CDATA[contoso.com]]></GPODomain><GPODomainGuid><![CDATA[{f0c9a534-b03f-4f34-b74e-9a58750f24e0}]]></GPODomainGuid><GPODomainController><![CDATA[WIN-QVUK5D2VQ2V.contoso.com]]></GPODomainController><BackupTime><![CDATA[2018-06-28T12:52:46]]></BackupTime><ID><![CDATA[{D6C67B05-47F0-4D35-8A9D-39195515F112}]]></ID><Comment><![CDATA[]]></Comment><GPODisplayName><![CDATA[*- Tier 2 MSFT Windows 10 RS2 - Bitlocker]]></GPODisplayName></BackupInst>
