<Backups xmlns="http://www.microsoft.com/GroupPolicy/GPOOperations/Manifest" xmlns:mfst="http://www.microsoft.com/GroupPolicy/GPOOperations/Manifest" mfst:version="1.0"><BackupInst><GPOGuid><![CDATA[{77F681E7-6271-4327-B575-FDDB0315D14D}]]></GPOGuid><GPODomain><![CDATA[MDT.fabrikam.com]]></GPODomain><GPODomainGuid><![CDATA[{557f2222-e807-4106-a151-9e0f5138ab38}]]></GPODomainGuid><GPODomainController><![CDATA[MDT01.MDT.fabrikam.com]]></GPODomainController><BackupTime><![CDATA[2017-08-03T06:51:50]]></BackupTime><ID><![CDATA[{14201B03-656F-46DC-8676-D3CC54B12509}]]></ID><Comment><![CDATA[MDT WSUS Policy]]></Comment><GPODisplayName><![CDATA[MDT WSUS Policy]]></GPODisplayName></BackupInst></Backups>