Name,samAccountName,Description,OU,Membership
svc-datareader,svc-datareader,SCOM Data Reader Service Account,Service Accounts,SCOMServiceAccounts
svc-datawriter,svc-datawriter,SCOM Data Writer Service Account,Service Accounts,SCOMServiceAccounts
svc-domainjoin,svc-domainjoin,Domain Join Account,Service Accounts,DomainJoinUsers
svc-backup,svc-backup,Windows Backup Account,Service Accounts,
redcard,redcard,Temporary RedCard Admin,Red Card Administration,RedCardAdmins
goldcard,goldcard,Temporary GoldCard Admin,Gold Card Administration,GoldCardAdmins
whitecard,whitecard,Temporary WhiteCard Admin,White Card Administration,WhiteCardAdmins