Name,samAccountName,GroupCategory,GroupScope,DisplayName,OU,Description,Membership
Tier 0 Replication Maintenance,Tier0ReplicationMaintenance,Security,Global,Tier 0 Replication Maintenance,"OU=Groups,OU=Tier 0,OU=Admin",Members of this group are Tier 0 Replication Maintenance,
Tier 1 Server Maintenance,Tier1ServerMaintenance,Security,Global,Tier 1 Server Maintenance,"OU=Groups,OU=Tier 1,OU=Admin",Members of this group perform Tier 1 Server Maintenance,
Service Desk Operators,ServiceDeskOperators,Security,Global,Service Desk Operators,"OU=Groups,OU=Tier 2,OU=Admin",Members of this group are Service Desk Operators,
Workstation Maintenance,WorkstationMaintenance,Security,Global,Workstation Maintenance,"OU=Groups,OU=Tier 2,OU=Admin",Members of this group perform Workstation Maintenance,
SCOM Service Accounts,SCOMServiceAccounts,Security,Global,SCOM Service Accounts,"OU=Groups,OU=Tier 0,OU=Admin",Members of this group are SCOM Service Accounts,
Domain Join Users,domainjoinusers,Security,Global,Domain Join Users,"OU=Groups,OU=Tier 0,OU=Admin",Members of this group can join computers to the domain,
PAW Users,pawusers,Security,Global,PAW Users,"OU=Groups,OU=Tier 0,OU=Admin",Members of this group are permitted to log onto Privileged Access Workstations,
PAW Maintenance,pawmaint,Security,Global,PAW Maintenance,"OU=Groups,OU=Tier 0,OU=Admin",Members of this group maintain and support Privileged Access Workstations,
Tier 1 Admins,tier1admins,Security,Global,Tier 1 Admins,"OU=Admins,OU=Groups,OU=Tier 1,OU=Admin",Members of this group are Tier 1 Administrators,
Tier 1 Users,tier1users,Security,Global,Tier 1 Users,"OU=Users,OU=Groups,OU=Tier 1,OU=Admin",Members of this group are Tier 1 Administrators,
Tier 2 Admins,tier2admins,Security,Global,Tier 2 Admins,"OU=Admins,OU=Groups,OU=Tier 2,OU=Admin",Members of this group are Tier 2 Administrators,
Tier 2 Users,tier2users,Security,Global,Tier 2 Users,"OU=Users,OU=Groups,OU=Tier 2,OU=Admin",Members of this group are Tier 2 Administrators,