Name,samAccountName,GroupCategory,GroupScope,DisplayName,OU,Description,Membership
Gold Card Admins,GoldCardAdmins,Security,Universal,Gold Card Admins,Groups,Members of this group are Gold Card Administrators,
Red Card Admins,RedCardAdmins,Security,Global,Red Card Admins,Groups,Members of this group are Red Card Administrators,Domain Admins
White Card Admins,WhiteCardAdmins,Security,Universal,White Card Admins,Groups,Members of this group are White Card Administrators,
Breakglass Admins,BreakglassAdmins,Security,Global,Breakglass Admins,Groups,Members of this group are Breakglass Administrators,
SCOM Servers,SCOMServers,Security,Global,SCOM Servers,Groups,Members of this group are SCOM Servers,
SCOM Admins,SCOMAdmins,Security,Global,SCOM Admins,Groups,Members of this group are SCOM Administrators,
SQL Admins,SQLAdmins,Security,Global,SQL Admins,Groups,Members of this group are SQL Administrators,
SCOM Service Accounts,SCOMServiceAccounts,Security,Global,SCOM Service Accounts,Groups,Members of this group are SCOM Service Accounts,
Domain Join Users,domainjoinusers,Security,Global,Domain Join Users,Groups,Members of this group can join computers to the domain,
