<BackupInst xmlns="http://www.microsoft.com/GroupPolicy/GPOOperations/Manifest"><GPOGuid><![CDATA[{B8D1C092-FC1B-4355-839F-54067E1CAFA6}]]></GPOGuid><GPODomain><![CDATA[treyresearch.net]]></GPODomain><GPODomainGuid><![CDATA[{eec1d81e-fb6a-4aad-8469-9cbf0c84fbce}]]></GPODomainGuid><GPODomainController><![CDATA[WIN-F1GJ2LI24P0.treyresearch.net]]></GPODomainController><BackupTime><![CDATA[2018-12-31T06:08:46]]></BackupTime><ID><![CDATA[{05758B40-33CC-4287-8E0E-74F8FA703C1A}]]></ID><Comment><![CDATA[]]></Comment><GPODisplayName><![CDATA[*- WMI Filter Placeholder GPO - Not in Use]]></GPODisplayName></BackupInst>
