<BackupInst xmlns="http://www.microsoft.com/GroupPolicy/GPOOperations/Manifest"><GPOGuid><![CDATA[{5DDF65FD-C4E1-49A3-AB1B-DCFC2EF6F120}]]></GPOGuid><GPODomain><![CDATA[contoso.com]]></GPODomain><GPODomainGuid><![CDATA[{f0c9a534-b03f-4f34-b74e-9a58750f24e0}]]></GPODomainGuid><GPODomainController><![CDATA[WIN-QVUK5D2VQ2V.contoso.com]]></GPODomainController><BackupTime><![CDATA[2018-06-28T12:52:55]]></BackupTime><ID><![CDATA[{987150C7-F6EC-45AF-AD70-2DF1AB61053B}]]></ID><Comment><![CDATA[]]></Comment><GPODisplayName><![CDATA[*- Tier 0 PAWs MSFT Windows 10 and Server 2016 - Defender Antivirus - Windows 10 RS4]]></GPODisplayName></BackupInst>
