<BackupInst xmlns="http://www.microsoft.com/GroupPolicy/GPOOperations/Manifest"><GPOGuid><![CDATA[{B029092F-BB6D-4954-8175-0D0DA9124A0D}]]></GPOGuid><GPODomain><![CDATA[contoso.com]]></GPODomain><GPODomainGuid><![CDATA[{f0c9a534-b03f-4f34-b74e-9a58750f24e0}]]></GPODomainGuid><GPODomainController><![CDATA[WIN-QVUK5D2VQ2V.contoso.com]]></GPODomainController><BackupTime><![CDATA[2018-06-28T12:53:00]]></BackupTime><ID><![CDATA[{40D3D7C5-8F3F-4EE2-88E9-AE91F5E09911}]]></ID><Comment><![CDATA[]]></Comment><GPODisplayName><![CDATA[*- Tier 1 PAWs MSFT Windows 10 RS3 - User]]></GPODisplayName></BackupInst>
