<BackupInst xmlns="http://www.microsoft.com/GroupPolicy/GPOOperations/Manifest"><GPOGuid><![CDATA[{009BD128-4C78-4CEE-8DCF-A1474F70BE8A}]]></GPOGuid><GPODomain><![CDATA[contoso.com]]></GPODomain><GPODomainGuid><![CDATA[{f0c9a534-b03f-4f34-b74e-9a58750f24e0}]]></GPODomainGuid><GPODomainController><![CDATA[WIN-QVUK5D2VQ2V.contoso.com]]></GPODomainController><BackupTime><![CDATA[2018-06-28T12:52:41]]></BackupTime><ID><![CDATA[{F1986F8D-CD1C-4766-AFD6-B425CFC51B7C}]]></ID><Comment><![CDATA[]]></Comment><GPODisplayName><![CDATA[*- Tier 1 Servers SCM Windows Server 2016 - Member Server Baseline - Computer]]></GPODisplayName></BackupInst>
