<BackupInst xmlns="http://www.microsoft.com/GroupPolicy/GPOOperations/Manifest"><GPOGuid><![CDATA[{1D6C9748-5C30-454F-9904-82979E24CCA5}]]></GPOGuid><GPODomain><![CDATA[contoso.com]]></GPODomain><GPODomainGuid><![CDATA[{f0c9a534-b03f-4f34-b74e-9a58750f24e0}]]></GPODomainGuid><GPODomainController><![CDATA[WIN-QVUK5D2VQ2V.contoso.com]]></GPODomainController><BackupTime><![CDATA[2018-06-28T12:53:16]]></BackupTime><ID><![CDATA[{6B2B102A-21B1-444C-BB6D-35D1F1D1057A}]]></ID><Comment><![CDATA[]]></Comment><GPODisplayName><![CDATA[*- Additional Domain Security Settings]]></GPODisplayName></BackupInst>
