<BackupInst xmlns="http://www.microsoft.com/GroupPolicy/GPOOperations/Manifest"><GPOGuid><![CDATA[{82E404F0-B4FE-41BE-84BF-DCC6E5C5C8D0}]]></GPOGuid><GPODomain><![CDATA[treyresearch.net]]></GPODomain><GPODomainGuid><![CDATA[{eec1d81e-fb6a-4aad-8469-9cbf0c84fbce}]]></GPODomainGuid><GPODomainController><![CDATA[WIN-F1GJ2LI24P0.treyresearch.net]]></GPODomainController><BackupTime><![CDATA[2018-12-31T06:08:40]]></BackupTime><ID><![CDATA[{647835EC-B4F5-458A-95C0-F551B0BE4DA5}]]></ID><Comment><![CDATA[]]></Comment><GPODisplayName><![CDATA[*- Tier 2 MSFT Windows 10 RS2 - Bitlocker]]></GPODisplayName></BackupInst>
