<BackupInst xmlns="http://www.microsoft.com/GroupPolicy/GPOOperations/Manifest"><GPOGuid><![CDATA[{9FC69CC9-ABEF-421F-B7B8-CBD2EFBB6FDD}]]></GPOGuid><GPODomain><![CDATA[contoso.com]]></GPODomain><GPODomainGuid><![CDATA[{f0c9a534-b03f-4f34-b74e-9a58750f24e0}]]></GPODomainGuid><GPODomainController><![CDATA[WIN-QVUK5D2VQ2V.contoso.com]]></GPODomainController><BackupTime><![CDATA[2018-06-28T12:53:15]]></BackupTime><ID><![CDATA[{7D187431-3374-4502-AFA7-58220FECB7EC}]]></ID><Comment><![CDATA[]]></Comment><GPODisplayName><![CDATA[*- Tier 2 PAWs Telemetry Configuration]]></GPODisplayName></BackupInst>
