<BackupInst xmlns="http://www.microsoft.com/GroupPolicy/GPOOperations/Manifest"><GPOGuid><![CDATA[{C1CC6BF7-FFCE-4E44-893F-6079611B545C}]]></GPOGuid><GPODomain><![CDATA[contoso.com]]></GPODomain><GPODomainGuid><![CDATA[{f0c9a534-b03f-4f34-b74e-9a58750f24e0}]]></GPODomainGuid><GPODomainController><![CDATA[WIN-QVUK5D2VQ2V.contoso.com]]></GPODomainController><BackupTime><![CDATA[2018-06-28T12:53:15]]></BackupTime><ID><![CDATA[{7994DC1B-5179-45E4-B3DD-CCDE111CA2AB}]]></ID><Comment><![CDATA[]]></Comment><GPODisplayName><![CDATA[*- PAW Staging Restricted Groups]]></GPODisplayName></BackupInst>
