<Backups xmlns="http://www.microsoft.com/GroupPolicy/GPOOperations/Manifest" xmlns:mfst="http://www.microsoft.com/GroupPolicy/GPOOperations/Manifest" mfst:version="1.0"><BackupInst><GPOGuid><![CDATA[{1D6C9748-5C30-454F-9904-82979E24CCA5}]]></GPOGuid><GPODomain><![CDATA[contoso.com]]></GPODomain><GPODomainGuid><![CDATA[{f0c9a534-b03f-4f34-b74e-9a58750f24e0}]]></GPODomainGuid><GPODomainController><![CDATA[WIN-QVUK5D2VQ2V.contoso.com]]></GPODomainController><BackupTime><![CDATA[2018-06-28T12:53:16]]></BackupTime><ID><![CDATA[{6B2B102A-21B1-444C-BB6D-35D1F1D1057A}]]></ID><Comment><![CDATA[]]></Comment><GPODisplayName><![CDATA[*- Additional Domain Security Settings]]></GPODisplayName></BackupInst><BackupInst><GPOGuid><![CDATA[{82E477CA-F035-4C7F-A118-94C7A475D4DA}]]></GPOGuid><GPODomain><![CDATA[contoso.com]]></GPODomain><GPODomainGuid><![CDATA[{f0c9a534-b03f-4f34-b74e-9a58750f24e0}]]></GPODomainGuid><GPODomainController><![CDATA[WIN-QVUK5D2VQ2V.contoso.com]]></GPODomainController><BackupTime><![CDATA[2018-06-28T12:53:16]]></BackupTime><ID><![CDATA[{7938C855-E1B8-448D-8C97-6530594DDF82}]]></ID><Comment><![CDATA[]]></Comment><GPODisplayName><![CDATA[*- MSFT Windows 10 and Server 2016 - Domain Security]]></GPODisplayName></BackupInst><BackupInst><GPOGuid><![CDATA[{2E2250BA-3434-47DE-9B27-B8CB7C0A34EC}]]></GPOGuid><GPODomain><![CDATA[contoso.com]]></GPODomain><GPODomainGuid><![CDATA[{f0c9a534-b03f-4f34-b74e-9a58750f24e0}]]></GPODomainGuid><GPODomainController><![CDATA[WIN-QVUK5D2VQ2V.contoso.com]]></GPODomainController><BackupTime><![CDATA[2018-06-28T12:53:15]]></BackupTime><ID><![CDATA[{EE884F97-A044-4BE9-A45F-DFA5626B6EFB}]]></ID><Comment><![CDATA[]]></Comment><GPODisplayName><![CDATA[*- Tier 0 Servers Host Guardian Service Administration Policy]]></GPODisplayName></BackupInst><BackupInst><GPOGuid><![CDATA[{C1CC6BF7-FFCE-4E44-893F-6079611B545C}]]></GPOGuid><GPODomain><![CDATA[contoso.com]]></GPODomain><GPODomainGuid><![CDATA[{f0c9a534-b03f-4f34-b74e-9a58750f24e0}]]></GPODomainGuid><GPODomainController><![CDATA[WIN-QVUK5D2VQ2V.contoso.com]]></GPODomainController><BackupTime><![CDATA[2018-06-28T12:53:15]]></BackupTime><ID><![CDATA[{7994DC1B-5179-45E4-B3DD-CCDE111CA2AB}]]></ID><Comment><![CDATA[]]></Comment><GPODisplayName><![CDATA[*- PAW Staging Restricted Groups]]></GPODisplayName></BackupInst><BackupInst><GPOGuid><![CDATA[{A32AAF81-9AFF-4F3F-BB51-B56BDDA194F5}]]></GPOGuid><GPODomain><![CDATA[contoso.com]]></GPODomain><GPODomainGuid><![CDATA[{f0c9a534-b03f-4f34-b74e-9a58750f24e0}]]></GPODomainGuid><GPODomainController><![CDATA[WIN-QVUK5D2VQ2V.contoso.com]]></GPODomainController><BackupTime><![CDATA[2018-06-28T12:53:15]]></BackupTime><ID><![CDATA[{C5065A8A-7B6A-4E21-9B62-355B8D89FCCE}]]></ID><Comment><![CDATA[]]></Comment><GPODisplayName><![CDATA[*- PAW Staging Bitlocker]]></GPODisplayName></BackupInst><BackupInst><GPOGuid><![CDATA[{9FC69CC9-ABEF-421F-B7B8-CBD2EFBB6FDD}]]></GPOGuid><GPODomain><![CDATA[contoso.com]]></GPODomain><GPODomainGuid><![CDATA[{f0c9a534-b03f-4f34-b74e-9a58750f24e0}]]></GPODomainGuid><GPODomainController><![CDATA[WIN-QVUK5D2VQ2V.contoso.com]]></GPODomainController><BackupTime><![CDATA[2018-06-28T12:53:15]]></BackupTime><ID><![CDATA[{7D187431-3374-4502-AFA7-58220FECB7EC}]]></ID><Comment><![CDATA[]]></Comment><GPODisplayName><![CDATA[*- Tier 2 PAWs Telemetry Configuration]]></GPODisplayName></BackupInst><BackupInst><GPOGuid><![CDATA[{C20CC27E-6C10-4E01-8CAE-E802EC9DCC6B}]]></GPOGuid><GPODomain><![CDATA[contoso.com]]></GPODomain><GPODomainGuid><![CDATA[{f0c9a534-b03f-4f34-b74e-9a58750f24e0}]]></GPODomainGuid><GPODomainController><![CDATA[WIN-QVUK5D2VQ2V.contoso.com]]></GPODomainController><BackupTime><![CDATA[2018-06-28T12:53:14]]></BackupTime><ID><![CDATA[{49561B29-932C-41D8-BFC3-398EB5875FE7}]]></ID><Comment><![CDATA[]]></Comment><GPODisplayName><![CDATA[*- Tier 2 PAWs MSFT Internet Explorer 11 - Computer]]></GPODisplayName></BackupInst><BackupInst><GPOGuid><![CDATA[{CFC80E01-C270-42A2-9B35-1833842BB1B1}]]></GPOGuid><GPODomain><![CDATA[contoso.com]]></GPODomain><GPODomainGuid><![CDATA[{f0c9a534-b03f-4f34-b74e-9a58750f24e0}]]></GPODomainGuid><GPODomainController><![CDATA[WIN-QVUK5D2VQ2V.contoso.com]]></GPODomainController><BackupTime><![CDATA[2018-06-28T12:53:14]]></BackupTime><ID><![CDATA[{6B261C21-321F-4D33-B4C4-B8B24C42021F}]]></ID><Comment><![CDATA[]]></Comment><GPODisplayName><![CDATA[*- Tier 2 PAWs MSFT Windows 10 and Server 2016 - Credential Guard]]></GPODisplayName></BackupInst><BackupInst><GPOGuid><![CDATA[{DFFD617D-FFA1-4FA2-A9DB-F5646A7E52F5}]]></GPOGuid><GPODomain><![CDATA[contoso.com]]></GPODomain><GPODomainGuid><![CDATA[{f0c9a534-b03f-4f34-b74e-9a58750f24e0}]]></GPODomainGuid><GPODomainController><![CDATA[WIN-QVUK5D2VQ2V.contoso.com]]></GPODomainController><BackupTime><![CDATA[2018-06-28T12:53:14]]></BackupTime><ID><![CDATA[{1D655B14-1ADB-4C3C-8E22-E98D4AC83287}]]></ID><Comment><![CDATA[]]></Comment><GPODisplayName><![CDATA[*- Tier 2 PAWs MSFT Windows 10 RS2 - Bitlocker]]></GPODisplayName></BackupInst><BackupInst><GPOGuid><![CDATA[{730E4574-B171-48F3-A7E6-1EEF79F88243}]]></GPOGuid><GPODomain><![CDATA[contoso.com]]></GPODomain><GPODomainGuid><![CDATA[{f0c9a534-b03f-4f34-b74e-9a58750f24e0}]]></GPODomainGuid><GPODomainController><![CDATA[WIN-QVUK5D2VQ2V.contoso.com]]></GPODomainController><BackupTime><![CDATA[2018-06-28T12:53:13]]></BackupTime><ID><![CDATA[{E3E87065-8D22-4948-A899-3F40132F3729}]]></ID><Comment><![CDATA[]]></Comment><GPODisplayName><![CDATA[*- Tier 2 PAWs MSFT Windows 10 RS3 - Bitlocker]]></GPODisplayName></BackupInst><BackupInst><GPOGuid><![CDATA[{263AF9FB-8B9E-4881-BB0D-91D1FAA9F8D5}]]></GPOGuid><GPODomain><![CDATA[contoso.com]]></GPODomain><GPODomainGuid><![CDATA[{f0c9a534-b03f-4f34-b74e-9a58750f24e0}]]></GPODomainGuid><GPODomainController><![CDATA[WIN-QVUK5D2VQ2V.contoso.com]]></GPODomainController><BackupTime><![CDATA[2018-06-28T12:53:13]]></BackupTime><ID><![CDATA[{F76EFEFF-9E34-4308-9490-108FF72218B5}]]></ID><Comment><![CDATA[]]></Comment><GPODisplayName><![CDATA[*- Tier 2 PAWs MSFT Windows 10 RS4 - Bitlocker]]></GPODisplayName></BackupInst><BackupInst><GPOGuid><![CDATA[{06A80051-B170-462A-86B8-2EC43B5CD544}]]></GPOGuid><GPODomain><![CDATA[contoso.com]]></GPODomain><GPODomainGuid><![CDATA[{f0c9a534-b03f-4f34-b74e-9a58750f24e0}]]></GPODomainGuid><GPODomainController><![CDATA[WIN-QVUK5D2VQ2V.contoso.com]]></GPODomainController><BackupTime><![CDATA[2018-06-28T12:53:13]]></BackupTime><ID><![CDATA[{E5145491-02A7-4FD1-9DFE-A4B9AB5127B2}]]></ID><Comment><![CDATA[]]></Comment><GPODisplayName><![CDATA[*- Tier 2 PAWs Bitlocker]]></GPODisplayName></BackupInst><BackupInst><GPOGuid><![CDATA[{B3E55E98-8085-4C1F-AAEE-A004F660DE57}]]></GPOGuid><GPODomain><![CDATA[contoso.com]]></GPODomain><GPODomainGuid><![CDATA[{f0c9a534-b03f-4f34-b74e-9a58750f24e0}]]></GPODomainGuid><GPODomainController><![CDATA[WIN-QVUK5D2VQ2V.contoso.com]]></GPODomainController><BackupTime><![CDATA[2018-06-28T12:53:12]]></BackupTime><ID><![CDATA[{423B041E-FF44-44A1-9D58-83F82BF45EE8}]]></ID><Comment><![CDATA[]]></Comment><GPODisplayName><![CDATA[*- Tier 2 PAWs MSFT Windows 10 and Server 2016 Defender - Windows 10 RS2]]></GPODisplayName></BackupInst><BackupInst><GPOGuid><![CDATA[{A163FC9D-CEDB-4749-BCB3-16B3BABFC7D4}]]></GPOGuid><GPODomain><![CDATA[contoso.com]]></GPODomain><GPODomainGuid><![CDATA[{f0c9a534-b03f-4f34-b74e-9a58750f24e0}]]></GPODomainGuid><GPODomainController><![CDATA[WIN-QVUK5D2VQ2V.contoso.com]]></GPODomainController><BackupTime><![CDATA[2018-06-28T12:53:12]]></BackupTime><ID><![CDATA[{CB1DCEE7-C965-4A9F-A5FC-D12053DA7390}]]></ID><Comment><![CDATA[]]></Comment><GPODisplayName><![CDATA[*- Tier 2 PAWs MSFT Windows 10 and Server 2016 Defender Antivirus - Windows 10 RS3]]></GPODisplayName></BackupInst><BackupInst><GPOGuid><![CDATA[{3A4DF335-6094-4CC5-92F0-D03F7CFE9A6C}]]></GPOGuid><GPODomain><![CDATA[contoso.com]]></GPODomain><GPODomainGuid><![CDATA[{f0c9a534-b03f-4f34-b74e-9a58750f24e0}]]></GPODomainGuid><GPODomainController><![CDATA[WIN-QVUK5D2VQ2V.contoso.com]]></GPODomainController><BackupTime><![CDATA[2018-06-28T12:53:12]]></BackupTime><ID><![CDATA[{F5056F48-CE31-42EA-9FBC-87CF1DB726C5}]]></ID><Comment><![CDATA[]]></Comment><GPODisplayName><![CDATA[*- Tier 2 PAWs MSFT Windows 10 and Server 2016 - Defender Antivirus - Windows 10 RS4]]></GPODisplayName></BackupInst><BackupInst><GPOGuid><![CDATA[{548A4A70-3223-40AD-BA93-BE08F5507BDC}]]></GPOGuid><GPODomain><![CDATA[contoso.com]]></GPODomain><GPODomainGuid><![CDATA[{f0c9a534-b03f-4f34-b74e-9a58750f24e0}]]></GPODomainGuid><GPODomainController><![CDATA[WIN-QVUK5D2VQ2V.contoso.com]]></GPODomainController><BackupTime><![CDATA[2018-06-28T12:53:11]]></BackupTime><ID><![CDATA[{EDCBE344-9425-4BFF-9BB3-8E1118F897C1}]]></ID><Comment><![CDATA[]]></Comment><GPODisplayName><![CDATA[*- Tier 2 PAWs MSFT Windows 10 RS2 - Computer]]></GPODisplayName></BackupInst><BackupInst><GPOGuid><![CDATA[{340B638D-0BC9-4185-8015-34837FFF4417}]]></GPOGuid><GPODomain><![CDATA[contoso.com]]></GPODomain><GPODomainGuid><![CDATA[{f0c9a534-b03f-4f34-b74e-9a58750f24e0}]]></GPODomainGuid><GPODomainController><![CDATA[WIN-QVUK5D2VQ2V.contoso.com]]></GPODomainController><BackupTime><![CDATA[2018-06-28T12:53:11]]></BackupTime><ID><![CDATA[{69031068-C221-46F4-B370-D036E1B735C9}]]></ID><Comment><![CDATA[]]></Comment><GPODisplayName><![CDATA[*- Tier 2 PAWs MSFT Windows 10 RS3 - Computer]]></GPODisplayName></BackupInst><BackupInst><GPOGuid><![CDATA[{DF083BBF-2024-4068-9274-3A3C98BFBDF8}]]></GPOGuid><GPODomain><![CDATA[contoso.com]]></GPODomain><GPODomainGuid><![CDATA[{f0c9a534-b03f-4f34-b74e-9a58750f24e0}]]></GPODomainGuid><GPODomainController><![CDATA[WIN-QVUK5D2VQ2V.contoso.com]]></GPODomainController><BackupTime><![CDATA[2018-06-28T12:53:10]]></BackupTime><ID><![CDATA[{41C21C89-3AE0-47DB-A237-93E2A6790246}]]></ID><Comment><![CDATA[]]></Comment><GPODisplayName><![CDATA[*- Tier 2 PAWs MSFT Windows 10 RS4 - Computer]]></GPODisplayName></BackupInst><BackupInst><GPOGuid><![CDATA[{E64AD5D6-228E-4A74-BA30-823E3817B454}]]></GPOGuid><GPODomain><![CDATA[contoso.com]]></GPODomain><GPODomainGuid><![CDATA[{f0c9a534-b03f-4f34-b74e-9a58750f24e0}]]></GPODomainGuid><GPODomainController><![CDATA[WIN-QVUK5D2VQ2V.contoso.com]]></GPODomainController><BackupTime><![CDATA[2018-06-28T12:53:10]]></BackupTime><ID><![CDATA[{0BF43168-E05E-4E14-8E01-5763E3B754F1}]]></ID><Comment><![CDATA[]]></Comment><GPODisplayName><![CDATA[*- Tier 2 PAWs LAPS]]></GPODisplayName></BackupInst><BackupInst><GPOGuid><![CDATA[{D2B7B630-8824-48C5-A9EB-FD8639FD7C11}]]></GPOGuid><GPODomain><![CDATA[contoso.com]]></GPODomain><GPODomainGuid><![CDATA[{f0c9a534-b03f-4f34-b74e-9a58750f24e0}]]></GPODomainGuid><GPODomainController><![CDATA[WIN-QVUK5D2VQ2V.contoso.com]]></GPODomainController><BackupTime><![CDATA[2018-06-28T12:53:10]]></BackupTime><ID><![CDATA[{21A535E6-57A4-4AE8-9978-66FAA2CA23F4}]]></ID><Comment><![CDATA[]]></Comment><GPODisplayName><![CDATA[*- Tier 2 PAWs Devices Base AppLocker Audit]]></GPODisplayName></BackupInst><BackupInst><GPOGuid><![CDATA[{CF255046-22E3-470C-B865-FBF8EDA04F87}]]></GPOGuid><GPODomain><![CDATA[contoso.com]]></GPODomain><GPODomainGuid><![CDATA[{f0c9a534-b03f-4f34-b74e-9a58750f24e0}]]></GPODomainGuid><GPODomainController><![CDATA[WIN-QVUK5D2VQ2V.contoso.com]]></GPODomainController><BackupTime><![CDATA[2018-06-28T12:53:09]]></BackupTime><ID><![CDATA[{EB85FCE3-B678-4D5A-9B3F-5C39CF249E0F}]]></ID><Comment><![CDATA[]]></Comment><GPODisplayName><![CDATA[*- Tier 2 PAWs Devices Base AppLocker Enforce]]></GPODisplayName></BackupInst><BackupInst><GPOGuid><![CDATA[{98CBEFD9-228B-492D-982F-9FAAC67E0BBF}]]></GPOGuid><GPODomain><![CDATA[contoso.com]]></GPODomain><GPODomainGuid><![CDATA[{f0c9a534-b03f-4f34-b74e-9a58750f24e0}]]></GPODomainGuid><GPODomainController><![CDATA[WIN-QVUK5D2VQ2V.contoso.com]]></GPODomainController><BackupTime><![CDATA[2018-06-28T12:53:09]]></BackupTime><ID><![CDATA[{1CC87CFB-ACDD-493C-AC94-777DE33DEF24}]]></ID><Comment><![CDATA[]]></Comment><GPODisplayName><![CDATA[*- Tier 2 PAWs]]></GPODisplayName></BackupInst><BackupInst><GPOGuid><![CDATA[{6F4038EA-EE92-4168-B92A-A52E7DEB5A2C}]]></GPOGuid><GPODomain><![CDATA[contoso.com]]></GPODomain><GPODomainGuid><![CDATA[{f0c9a534-b03f-4f34-b74e-9a58750f24e0}]]></GPODomainGuid><GPODomainController><![CDATA[WIN-QVUK5D2VQ2V.contoso.com]]></GPODomainController><BackupTime><![CDATA[2018-06-28T12:53:09]]></BackupTime><ID><![CDATA[{39B506D3-BA2F-4F8C-942D-1322043225FA}]]></ID><Comment><![CDATA[]]></Comment><GPODisplayName><![CDATA[*- Tier 2 PAWs Internet Access Configuration - User]]></GPODisplayName></BackupInst><BackupInst><GPOGuid><![CDATA[{A78F7154-241A-409F-9B0C-58C60CFC713A}]]></GPOGuid><GPODomain><![CDATA[contoso.com]]></GPODomain><GPODomainGuid><![CDATA[{f0c9a534-b03f-4f34-b74e-9a58750f24e0}]]></GPODomainGuid><GPODomainController><![CDATA[WIN-QVUK5D2VQ2V.contoso.com]]></GPODomainController><BackupTime><![CDATA[2018-06-28T12:53:08]]></BackupTime><ID><![CDATA[{EEA9977F-446A-47BC-8CF4-6FC552542ABD}]]></ID><Comment><![CDATA[]]></Comment><GPODisplayName><![CDATA[*- Tier 2 PAWs MSFT Internet Explorer 11 - User]]></GPODisplayName></BackupInst><BackupInst><GPOGuid><![CDATA[{4820C731-24E5-49D0-AC5D-B84AC2746BA0}]]></GPOGuid><GPODomain><![CDATA[contoso.com]]></GPODomain><GPODomainGuid><![CDATA[{f0c9a534-b03f-4f34-b74e-9a58750f24e0}]]></GPODomainGuid><GPODomainController><![CDATA[WIN-QVUK5D2VQ2V.contoso.com]]></GPODomainController><BackupTime><![CDATA[2018-06-28T12:53:08]]></BackupTime><ID><![CDATA[{72AADAC3-1EFF-49BD-8107-F81332194E47}]]></ID><Comment><![CDATA[]]></Comment><GPODisplayName><![CDATA[*- Tier 2 PAWs MSFT Windows 10 RS2 - User]]></GPODisplayName></BackupInst><BackupInst><GPOGuid><![CDATA[{AA89EF23-CEB8-41E8-913E-BC606126A37F}]]></GPOGuid><GPODomain><![CDATA[contoso.com]]></GPODomain><GPODomainGuid><![CDATA[{f0c9a534-b03f-4f34-b74e-9a58750f24e0}]]></GPODomainGuid><GPODomainController><![CDATA[WIN-QVUK5D2VQ2V.contoso.com]]></GPODomainController><BackupTime><![CDATA[2018-06-28T12:53:08]]></BackupTime><ID><![CDATA[{AA86B79B-902A-44C3-A0C8-F3A720E13830}]]></ID><Comment><![CDATA[]]></Comment><GPODisplayName><![CDATA[*- Tier 2 PAWs MSFT Windows 10 RS3 - User]]></GPODisplayName></BackupInst><BackupInst><GPOGuid><![CDATA[{7D6B6FFB-A6F5-4D59-B9CD-36D0C9F34158}]]></GPOGuid><GPODomain><![CDATA[contoso.com]]></GPODomain><GPODomainGuid><![CDATA[{f0c9a534-b03f-4f34-b74e-9a58750f24e0}]]></GPODomainGuid><GPODomainController><![CDATA[WIN-QVUK5D2VQ2V.contoso.com]]></GPODomainController><BackupTime><![CDATA[2018-06-28T12:53:07]]></BackupTime><ID><![CDATA[{2FE626A1-30B4-4147-9B1C-AAAE459DE9AE}]]></ID><Comment><![CDATA[]]></Comment><GPODisplayName><![CDATA[*- Tier 2 PAWs MSFT Windows 10 RS4 - User]]></GPODisplayName></BackupInst><BackupInst><GPOGuid><![CDATA[{86DED938-A754-4E0D-95B6-EE3A4DFB0F4F}]]></GPOGuid><GPODomain><![CDATA[contoso.com]]></GPODomain><GPODomainGuid><![CDATA[{f0c9a534-b03f-4f34-b74e-9a58750f24e0}]]></GPODomainGuid><GPODomainController><![CDATA[WIN-QVUK5D2VQ2V.contoso.com]]></GPODomainController><BackupTime><![CDATA[2018-06-28T12:53:07]]></BackupTime><ID><![CDATA[{DFBCAE50-7C18-48A7-9970-A8684B95F386}]]></ID><Comment><![CDATA[]]></Comment><GPODisplayName><![CDATA[*- Tier 1 PAWs Telemetry Configuration]]></GPODisplayName></BackupInst><BackupInst><GPOGuid><![CDATA[{8CD04FAA-4501-49C7-B9C6-5129850F53B4}]]></GPOGuid><GPODomain><![CDATA[contoso.com]]></GPODomain><GPODomainGuid><![CDATA[{f0c9a534-b03f-4f34-b74e-9a58750f24e0}]]></GPODomainGuid><GPODomainController><![CDATA[WIN-QVUK5D2VQ2V.contoso.com]]></GPODomainController><BackupTime><![CDATA[2018-06-28T12:53:07]]></BackupTime><ID><![CDATA[{6CAFB720-D817-4694-8B19-9D85F766E0F6}]]></ID><Comment><![CDATA[]]></Comment><GPODisplayName><![CDATA[*- Tier 1 PAWs MSFT Internet Explorer 11 - Computer]]></GPODisplayName></BackupInst><BackupInst><GPOGuid><![CDATA[{D90D10D9-D7FF-4AA9-A3A4-F07AFA15332F}]]></GPOGuid><GPODomain><![CDATA[contoso.com]]></GPODomain><GPODomainGuid><![CDATA[{f0c9a534-b03f-4f34-b74e-9a58750f24e0}]]></GPODomainGuid><GPODomainController><![CDATA[WIN-QVUK5D2VQ2V.contoso.com]]></GPODomainController><BackupTime><![CDATA[2018-06-28T12:53:07]]></BackupTime><ID><![CDATA[{5B96DF06-EC42-490D-9EC3-9F5D25CFF205}]]></ID><Comment><![CDATA[]]></Comment><GPODisplayName><![CDATA[*- Tier 1 PAWs MSFT Windows 10 and Server 2016 - Credential Guard]]></GPODisplayName></BackupInst><BackupInst><GPOGuid><![CDATA[{B0220E76-B473-4AA3-82C8-8FB09E36F2CF}]]></GPOGuid><GPODomain><![CDATA[contoso.com]]></GPODomain><GPODomainGuid><![CDATA[{f0c9a534-b03f-4f34-b74e-9a58750f24e0}]]></GPODomainGuid><GPODomainController><![CDATA[WIN-QVUK5D2VQ2V.contoso.com]]></GPODomainController><BackupTime><![CDATA[2018-06-28T12:53:06]]></BackupTime><ID><![CDATA[{2356CB18-CB46-4110-88B3-AB6B780F180B}]]></ID><Comment><![CDATA[]]></Comment><GPODisplayName><![CDATA[*- Tier 1 PAWs MSFT Windows 10 RS2 - Bitlocker]]></GPODisplayName></BackupInst><BackupInst><GPOGuid><![CDATA[{A85B708F-A921-44DA-87C6-391D0BEBF3F1}]]></GPOGuid><GPODomain><![CDATA[contoso.com]]></GPODomain><GPODomainGuid><![CDATA[{f0c9a534-b03f-4f34-b74e-9a58750f24e0}]]></GPODomainGuid><GPODomainController><![CDATA[WIN-QVUK5D2VQ2V.contoso.com]]></GPODomainController><BackupTime><![CDATA[2018-06-28T12:53:06]]></BackupTime><ID><![CDATA[{6D4A9AA0-55A6-42CA-BD6D-AF27B981728C}]]></ID><Comment><![CDATA[]]></Comment><GPODisplayName><![CDATA[*- Tier 1 PAWs MSFT Windows 10 RS3 - Bitlocker]]></GPODisplayName></BackupInst><BackupInst><GPOGuid><![CDATA[{A7FA1D41-CC6F-4FC6-B017-E4521C7F4107}]]></GPOGuid><GPODomain><![CDATA[contoso.com]]></GPODomain><GPODomainGuid><![CDATA[{f0c9a534-b03f-4f34-b74e-9a58750f24e0}]]></GPODomainGuid><GPODomainController><![CDATA[WIN-QVUK5D2VQ2V.contoso.com]]></GPODomainController><BackupTime><![CDATA[2018-06-28T12:53:06]]></BackupTime><ID><![CDATA[{107396CC-EDA7-4829-9E2D-8AD3FA30D275}]]></ID><Comment><![CDATA[]]></Comment><GPODisplayName><![CDATA[*- Tier 1 PAWs MSFT Windows 10 RS4 - Bitlocker]]></GPODisplayName></BackupInst><BackupInst><GPOGuid><![CDATA[{54E35133-FAA4-4C4F-A8BA-E1D9B3EBE79E}]]></GPOGuid><GPODomain><![CDATA[contoso.com]]></GPODomain><GPODomainGuid><![CDATA[{f0c9a534-b03f-4f34-b74e-9a58750f24e0}]]></GPODomainGuid><GPODomainController><![CDATA[WIN-QVUK5D2VQ2V.contoso.com]]></GPODomainController><BackupTime><![CDATA[2018-06-28T12:53:05]]></BackupTime><ID><![CDATA[{26002519-52AB-4A45-9446-686626FD6857}]]></ID><Comment><![CDATA[]]></Comment><GPODisplayName><![CDATA[*- Tier 1 PAWs Bitlocker]]></GPODisplayName></BackupInst><BackupInst><GPOGuid><![CDATA[{2A7DA672-2BDB-4C04-B9A3-389783662E7A}]]></GPOGuid><GPODomain><![CDATA[contoso.com]]></GPODomain><GPODomainGuid><![CDATA[{f0c9a534-b03f-4f34-b74e-9a58750f24e0}]]></GPODomainGuid><GPODomainController><![CDATA[WIN-QVUK5D2VQ2V.contoso.com]]></GPODomainController><BackupTime><![CDATA[2018-06-28T12:53:05]]></BackupTime><ID><![CDATA[{8EBE9808-E064-42E9-8694-33E9AC3F7778}]]></ID><Comment><![CDATA[]]></Comment><GPODisplayName><![CDATA[*- Tier 1 PAWs MSFT Windows 10 and Server 2016 Defender - Windows 10 RS2]]></GPODisplayName></BackupInst><BackupInst><GPOGuid><![CDATA[{2AD276BB-57DF-470C-92E2-4638C93784B7}]]></GPOGuid><GPODomain><![CDATA[contoso.com]]></GPODomain><GPODomainGuid><![CDATA[{f0c9a534-b03f-4f34-b74e-9a58750f24e0}]]></GPODomainGuid><GPODomainController><![CDATA[WIN-QVUK5D2VQ2V.contoso.com]]></GPODomainController><BackupTime><![CDATA[2018-06-28T12:53:05]]></BackupTime><ID><![CDATA[{88726049-E410-4E61-8D89-EC56676BBD26}]]></ID><Comment><![CDATA[]]></Comment><GPODisplayName><![CDATA[*- Tier 1 PAWs MSFT Windows 10 and Server 2016 Defender Antivirus - Windows 10 RS3]]></GPODisplayName></BackupInst><BackupInst><GPOGuid><![CDATA[{D8B09A17-2572-413B-8F03-CF87795FE3E4}]]></GPOGuid><GPODomain><![CDATA[contoso.com]]></GPODomain><GPODomainGuid><![CDATA[{f0c9a534-b03f-4f34-b74e-9a58750f24e0}]]></GPODomainGuid><GPODomainController><![CDATA[WIN-QVUK5D2VQ2V.contoso.com]]></GPODomainController><BackupTime><![CDATA[2018-06-28T12:53:04]]></BackupTime><ID><![CDATA[{886ED042-F351-4070-BDD4-6E3839E5F368}]]></ID><Comment><![CDATA[]]></Comment><GPODisplayName><![CDATA[*- Tier 1 PAWs MSFT Windows 10 and Server 2016 - Defender Antivirus - Windows 10 RS4]]></GPODisplayName></BackupInst><BackupInst><GPOGuid><![CDATA[{09FB68A3-1611-49E7-8979-19E43EF2C9F8}]]></GPOGuid><GPODomain><![CDATA[contoso.com]]></GPODomain><GPODomainGuid><![CDATA[{f0c9a534-b03f-4f34-b74e-9a58750f24e0}]]></GPODomainGuid><GPODomainController><![CDATA[WIN-QVUK5D2VQ2V.contoso.com]]></GPODomainController><BackupTime><![CDATA[2018-06-28T12:53:04]]></BackupTime><ID><![CDATA[{DEBADD7F-CFE6-4D38-B53B-04FD810D1CD3}]]></ID><Comment><![CDATA[]]></Comment><GPODisplayName><![CDATA[*- Tier 1 PAWs MSFT Windows 10 RS2 - Computer]]></GPODisplayName></BackupInst><BackupInst><GPOGuid><![CDATA[{C1601C7C-D28F-4CF3-9263-D9B0E572DE1C}]]></GPOGuid><GPODomain><![CDATA[contoso.com]]></GPODomain><GPODomainGuid><![CDATA[{f0c9a534-b03f-4f34-b74e-9a58750f24e0}]]></GPODomainGuid><GPODomainController><![CDATA[WIN-QVUK5D2VQ2V.contoso.com]]></GPODomainController><BackupTime><![CDATA[2018-06-28T12:53:04]]></BackupTime><ID><![CDATA[{0336E1D8-B2EF-4E8D-BD2E-1DAD6B81C5BA}]]></ID><Comment><![CDATA[]]></Comment><GPODisplayName><![CDATA[*- Tier 1 PAWs MSFT Windows 10 RS3 - Computer]]></GPODisplayName></BackupInst><BackupInst><GPOGuid><![CDATA[{33DF6D02-6D42-436F-AA11-8F3FD7B32474}]]></GPOGuid><GPODomain><![CDATA[contoso.com]]></GPODomain><GPODomainGuid><![CDATA[{f0c9a534-b03f-4f34-b74e-9a58750f24e0}]]></GPODomainGuid><GPODomainController><![CDATA[WIN-QVUK5D2VQ2V.contoso.com]]></GPODomainController><BackupTime><![CDATA[2018-06-28T12:53:03]]></BackupTime><ID><![CDATA[{C62107D4-3EE8-4D27-A618-85FC6D015287}]]></ID><Comment><![CDATA[]]></Comment><GPODisplayName><![CDATA[*- Tier 1 PAWs MSFT Windows 10 RS4 - Computer]]></GPODisplayName></BackupInst><BackupInst><GPOGuid><![CDATA[{2FAE7466-3F09-4366-9A12-A8AA0735A846}]]></GPOGuid><GPODomain><![CDATA[contoso.com]]></GPODomain><GPODomainGuid><![CDATA[{f0c9a534-b03f-4f34-b74e-9a58750f24e0}]]></GPODomainGuid><GPODomainController><![CDATA[WIN-QVUK5D2VQ2V.contoso.com]]></GPODomainController><BackupTime><![CDATA[2018-06-28T12:53:03]]></BackupTime><ID><![CDATA[{14951FE4-CA84-4CC8-AA36-D90C154CD0A2}]]></ID><Comment><![CDATA[]]></Comment><GPODisplayName><![CDATA[*- Tier 1 PAWs LAPS]]></GPODisplayName></BackupInst><BackupInst><GPOGuid><![CDATA[{8B2A02B5-8057-465B-92CD-F31977B5678B}]]></GPOGuid><GPODomain><![CDATA[contoso.com]]></GPODomain><GPODomainGuid><![CDATA[{f0c9a534-b03f-4f34-b74e-9a58750f24e0}]]></GPODomainGuid><GPODomainController><![CDATA[WIN-QVUK5D2VQ2V.contoso.com]]></GPODomainController><BackupTime><![CDATA[2018-06-28T12:53:02]]></BackupTime><ID><![CDATA[{6F2242BE-F96F-4727-B2C8-FB2D553BD366}]]></ID><Comment><![CDATA[]]></Comment><GPODisplayName><![CDATA[*- Tier 1 PAWs Devices Base AppLocker Audit]]></GPODisplayName></BackupInst><BackupInst><GPOGuid><![CDATA[{D24F8DCE-5EBB-4D40-AA68-5D121E95D77F}]]></GPOGuid><GPODomain><![CDATA[contoso.com]]></GPODomain><GPODomainGuid><![CDATA[{f0c9a534-b03f-4f34-b74e-9a58750f24e0}]]></GPODomainGuid><GPODomainController><![CDATA[WIN-QVUK5D2VQ2V.contoso.com]]></GPODomainController><BackupTime><![CDATA[2018-06-28T12:53:02]]></BackupTime><ID><![CDATA[{E51F00CB-41B6-4F2E-B656-3AD138140EDA}]]></ID><Comment><![CDATA[]]></Comment><GPODisplayName><![CDATA[*- Tier 1 PAWs Devices Base AppLocker Enforce]]></GPODisplayName></BackupInst><BackupInst><GPOGuid><![CDATA[{59586A54-6445-4B8C-81F6-D99BC5831DDD}]]></GPOGuid><GPODomain><![CDATA[contoso.com]]></GPODomain><GPODomainGuid><![CDATA[{f0c9a534-b03f-4f34-b74e-9a58750f24e0}]]></GPODomainGuid><GPODomainController><![CDATA[WIN-QVUK5D2VQ2V.contoso.com]]></GPODomainController><BackupTime><![CDATA[2018-06-28T12:53:01]]></BackupTime><ID><![CDATA[{80211B54-72E1-44E0-A90A-4F5E8EAFDE98}]]></ID><Comment><![CDATA[]]></Comment><GPODisplayName><![CDATA[*- Tier 1 PAWs]]></GPODisplayName></BackupInst><BackupInst><GPOGuid><![CDATA[{5D65C3D3-C9E9-4823-9BDB-104B81A6FCA2}]]></GPOGuid><GPODomain><![CDATA[contoso.com]]></GPODomain><GPODomainGuid><![CDATA[{f0c9a534-b03f-4f34-b74e-9a58750f24e0}]]></GPODomainGuid><GPODomainController><![CDATA[WIN-QVUK5D2VQ2V.contoso.com]]></GPODomainController><BackupTime><![CDATA[2018-06-28T12:53:01]]></BackupTime><ID><![CDATA[{4F8F19C5-6D78-4167-904C-70FF47980B23}]]></ID><Comment><![CDATA[]]></Comment><GPODisplayName><![CDATA[*- Tier 1 PAWs Internet Access Configuration - User]]></GPODisplayName></BackupInst><BackupInst><GPOGuid><![CDATA[{4791BAA5-8157-4823-B6AC-2A7DDA4E1372}]]></GPOGuid><GPODomain><![CDATA[contoso.com]]></GPODomain><GPODomainGuid><![CDATA[{f0c9a534-b03f-4f34-b74e-9a58750f24e0}]]></GPODomainGuid><GPODomainController><![CDATA[WIN-QVUK5D2VQ2V.contoso.com]]></GPODomainController><BackupTime><![CDATA[2018-06-28T12:53:01]]></BackupTime><ID><![CDATA[{849F1497-28E6-4129-9BC5-0342919E60CF}]]></ID><Comment><![CDATA[]]></Comment><GPODisplayName><![CDATA[*- Tier 1 PAWs MSFT Internet Explorer 11 - User]]></GPODisplayName></BackupInst><BackupInst><GPOGuid><![CDATA[{B2FE05BB-DEE5-4638-AA94-A70048B6F8EC}]]></GPOGuid><GPODomain><![CDATA[contoso.com]]></GPODomain><GPODomainGuid><![CDATA[{f0c9a534-b03f-4f34-b74e-9a58750f24e0}]]></GPODomainGuid><GPODomainController><![CDATA[WIN-QVUK5D2VQ2V.contoso.com]]></GPODomainController><BackupTime><![CDATA[2018-06-28T12:53:01]]></BackupTime><ID><![CDATA[{91DB459F-066C-4A4E-A06F-24E0693C4E45}]]></ID><Comment><![CDATA[]]></Comment><GPODisplayName><![CDATA[*- Tier 1 PAWs MSFT Windows 10 RS2 - User]]></GPODisplayName></BackupInst><BackupInst><GPOGuid><![CDATA[{B029092F-BB6D-4954-8175-0D0DA9124A0D}]]></GPOGuid><GPODomain><![CDATA[contoso.com]]></GPODomain><GPODomainGuid><![CDATA[{f0c9a534-b03f-4f34-b74e-9a58750f24e0}]]></GPODomainGuid><GPODomainController><![CDATA[WIN-QVUK5D2VQ2V.contoso.com]]></GPODomainController><BackupTime><![CDATA[2018-06-28T12:53:00]]></BackupTime><ID><![CDATA[{40D3D7C5-8F3F-4EE2-88E9-AE91F5E09911}]]></ID><Comment><![CDATA[]]></Comment><GPODisplayName><![CDATA[*- Tier 1 PAWs MSFT Windows 10 RS3 - User]]></GPODisplayName></BackupInst><BackupInst><GPOGuid><![CDATA[{03D62442-F090-42A5-9680-9AF635C3BE89}]]></GPOGuid><GPODomain><![CDATA[contoso.com]]></GPODomain><GPODomainGuid><![CDATA[{f0c9a534-b03f-4f34-b74e-9a58750f24e0}]]></GPODomainGuid><GPODomainController><![CDATA[WIN-QVUK5D2VQ2V.contoso.com]]></GPODomainController><BackupTime><![CDATA[2018-06-28T12:53:00]]></BackupTime><ID><![CDATA[{3F4F2FDD-C77D-494B-95ED-1225820AFE4C}]]></ID><Comment><![CDATA[]]></Comment><GPODisplayName><![CDATA[*- Tier 1 PAWs MSFT Windows 10 RS4 - User]]></GPODisplayName></BackupInst><BackupInst><GPOGuid><![CDATA[{76859582-8F33-46B4-95D9-5924958B8185}]]></GPOGuid><GPODomain><![CDATA[contoso.com]]></GPODomain><GPODomainGuid><![CDATA[{f0c9a534-b03f-4f34-b74e-9a58750f24e0}]]></GPODomainGuid><GPODomainController><![CDATA[WIN-QVUK5D2VQ2V.contoso.com]]></GPODomainController><BackupTime><![CDATA[2018-06-28T12:53:00]]></BackupTime><ID><![CDATA[{5AAA8520-AF22-4D7B-AC1C-9BAA2DB92A44}]]></ID><Comment><![CDATA[]]></Comment><GPODisplayName><![CDATA[*- Tier 0 Servers MSFT Windows 10 and Server 2016 - Credential Guard]]></GPODisplayName></BackupInst><BackupInst><GPOGuid><![CDATA[{DBE47721-E2CD-40F0-B519-97466DD42878}]]></GPOGuid><GPODomain><![CDATA[contoso.com]]></GPODomain><GPODomainGuid><![CDATA[{f0c9a534-b03f-4f34-b74e-9a58750f24e0}]]></GPODomainGuid><GPODomainController><![CDATA[WIN-QVUK5D2VQ2V.contoso.com]]></GPODomainController><BackupTime><![CDATA[2018-06-28T12:52:59]]></BackupTime><ID><![CDATA[{EE121CCF-3CDC-4807-8D64-A8844B7BA9AE}]]></ID><Comment><![CDATA[]]></Comment><GPODisplayName><![CDATA[*- Tier 0 Servers SCM Windows Server 2016 - Member Server Baseline - User]]></GPODisplayName></BackupInst><BackupInst><GPOGuid><![CDATA[{4F48684B-C46D-4C5A-B05A-DF7EBEF2F5A4}]]></GPOGuid><GPODomain><![CDATA[contoso.com]]></GPODomain><GPODomainGuid><![CDATA[{f0c9a534-b03f-4f34-b74e-9a58750f24e0}]]></GPODomainGuid><GPODomainController><![CDATA[WIN-QVUK5D2VQ2V.contoso.com]]></GPODomainController><BackupTime><![CDATA[2018-06-28T12:52:59]]></BackupTime><ID><![CDATA[{BDC5CF5E-350A-4F94-81BD-99A0355EEC59}]]></ID><Comment><![CDATA[]]></Comment><GPODisplayName><![CDATA[*- Tier 0 Servers SCM Windows Server 2016 - Member Server Baseline - Computer]]></GPODisplayName></BackupInst><BackupInst><GPOGuid><![CDATA[{B86935F4-A1CB-45A7-882E-5A2AE2D764EC}]]></GPOGuid><GPODomain><![CDATA[contoso.com]]></GPODomain><GPODomainGuid><![CDATA[{f0c9a534-b03f-4f34-b74e-9a58750f24e0}]]></GPODomainGuid><GPODomainController><![CDATA[WIN-QVUK5D2VQ2V.contoso.com]]></GPODomainController><BackupTime><![CDATA[2018-06-28T12:52:58]]></BackupTime><ID><![CDATA[{D4EA4073-E725-4BB4-9F89-9D03452F3211}]]></ID><Comment><![CDATA[]]></Comment><GPODisplayName><![CDATA[*- Tier 0 Servers MSFT Windows Server 2012 R2 Member Server Baseline]]></GPODisplayName></BackupInst><BackupInst><GPOGuid><![CDATA[{B0AF4E43-94B1-4E78-A2B9-0170769E7AE1}]]></GPOGuid><GPODomain><![CDATA[contoso.com]]></GPODomain><GPODomainGuid><![CDATA[{f0c9a534-b03f-4f34-b74e-9a58750f24e0}]]></GPODomainGuid><GPODomainController><![CDATA[WIN-QVUK5D2VQ2V.contoso.com]]></GPODomainController><BackupTime><![CDATA[2018-06-28T12:52:58]]></BackupTime><ID><![CDATA[{4B6C6678-7F2D-4AFF-AAB9-EA624DEF7CB0}]]></ID><Comment><![CDATA[]]></Comment><GPODisplayName><![CDATA[*- Tier 0 Servers LAPS]]></GPODisplayName></BackupInst><BackupInst><GPOGuid><![CDATA[{8C919512-0042-4A2B-9AD3-308B7B65BDDA}]]></GPOGuid><GPODomain><![CDATA[contoso.com]]></GPODomain><GPODomainGuid><![CDATA[{f0c9a534-b03f-4f34-b74e-9a58750f24e0}]]></GPODomainGuid><GPODomainController><![CDATA[WIN-QVUK5D2VQ2V.contoso.com]]></GPODomainController><BackupTime><![CDATA[2018-06-28T12:52:58]]></BackupTime><ID><![CDATA[{FA34F83E-918B-4C4F-9940-4EB68D156F83}]]></ID><Comment><![CDATA[]]></Comment><GPODisplayName><![CDATA[*- Tier 0 Servers MSFT Windows 10 and Server 2016 Defender]]></GPODisplayName></BackupInst><BackupInst><GPOGuid><![CDATA[{0A4F8C71-134A-4033-AA78-B61EF5ACDC0D}]]></GPOGuid><GPODomain><![CDATA[contoso.com]]></GPODomain><GPODomainGuid><![CDATA[{f0c9a534-b03f-4f34-b74e-9a58750f24e0}]]></GPODomainGuid><GPODomainController><![CDATA[WIN-QVUK5D2VQ2V.contoso.com]]></GPODomainController><BackupTime><![CDATA[2018-06-28T12:52:58]]></BackupTime><ID><![CDATA[{54379E18-4629-4B67-B20F-0BAEBC424F71}]]></ID><Comment><![CDATA[]]></Comment><GPODisplayName><![CDATA[*- Tier 0 Servers]]></GPODisplayName></BackupInst><BackupInst><GPOGuid><![CDATA[{0CF9D5D0-598A-4FD1-85B3-FD1F5EF09FEB}]]></GPOGuid><GPODomain><![CDATA[contoso.com]]></GPODomain><GPODomainGuid><![CDATA[{f0c9a534-b03f-4f34-b74e-9a58750f24e0}]]></GPODomainGuid><GPODomainController><![CDATA[WIN-QVUK5D2VQ2V.contoso.com]]></GPODomainController><BackupTime><![CDATA[2018-06-28T12:52:57]]></BackupTime><ID><![CDATA[{84A43928-4B54-49BE-A261-1511680D4849}]]></ID><Comment><![CDATA[]]></Comment><GPODisplayName><![CDATA[*- Tier 0 PAWs Telemetry Configuration]]></GPODisplayName></BackupInst><BackupInst><GPOGuid><![CDATA[{9A60FC3A-00C0-4C1C-A9AF-DE8C36E0AE0E}]]></GPOGuid><GPODomain><![CDATA[contoso.com]]></GPODomain><GPODomainGuid><![CDATA[{f0c9a534-b03f-4f34-b74e-9a58750f24e0}]]></GPODomainGuid><GPODomainController><![CDATA[WIN-QVUK5D2VQ2V.contoso.com]]></GPODomainController><BackupTime><![CDATA[2018-06-28T12:52:57]]></BackupTime><ID><![CDATA[{CE02A6A6-7C83-48D0-9FE5-6A2E9745ED39}]]></ID><Comment><![CDATA[]]></Comment><GPODisplayName><![CDATA[*- Tier 0 PAWs MSFT Internet Explorer 11 - Computer]]></GPODisplayName></BackupInst><BackupInst><GPOGuid><![CDATA[{D60EEBA5-4E63-4EDC-BD21-0CDDDF21664E}]]></GPOGuid><GPODomain><![CDATA[contoso.com]]></GPODomain><GPODomainGuid><![CDATA[{f0c9a534-b03f-4f34-b74e-9a58750f24e0}]]></GPODomainGuid><GPODomainController><![CDATA[WIN-QVUK5D2VQ2V.contoso.com]]></GPODomainController><BackupTime><![CDATA[2018-06-28T12:52:57]]></BackupTime><ID><![CDATA[{246C7AF7-AA2B-466C-B04D-76C72E3BFE49}]]></ID><Comment><![CDATA[]]></Comment><GPODisplayName><![CDATA[*- Tier 0 PAWs MSFT Windows 10 and Server 2016 - Credential Guard]]></GPODisplayName></BackupInst><BackupInst><GPOGuid><![CDATA[{F23D6D76-992F-453C-9D6C-01E10A9209A8}]]></GPOGuid><GPODomain><![CDATA[contoso.com]]></GPODomain><GPODomainGuid><![CDATA[{f0c9a534-b03f-4f34-b74e-9a58750f24e0}]]></GPODomainGuid><GPODomainController><![CDATA[WIN-QVUK5D2VQ2V.contoso.com]]></GPODomainController><BackupTime><![CDATA[2018-06-28T12:52:57]]></BackupTime><ID><![CDATA[{96A25B4A-5B6A-4C85-BEA7-C151E976E5F4}]]></ID><Comment><![CDATA[]]></Comment><GPODisplayName><![CDATA[*- Tier 0 PAWs MSFT Windows 10 RS2 - Bitlocker]]></GPODisplayName></BackupInst><BackupInst><GPOGuid><![CDATA[{25B5957E-3BD0-413D-8E36-6DD53162A194}]]></GPOGuid><GPODomain><![CDATA[contoso.com]]></GPODomain><GPODomainGuid><![CDATA[{f0c9a534-b03f-4f34-b74e-9a58750f24e0}]]></GPODomainGuid><GPODomainController><![CDATA[WIN-QVUK5D2VQ2V.contoso.com]]></GPODomainController><BackupTime><![CDATA[2018-06-28T12:52:56]]></BackupTime><ID><![CDATA[{D46E87C9-9D0D-44F4-B910-971D6B91C20C}]]></ID><Comment><![CDATA[]]></Comment><GPODisplayName><![CDATA[*- Tier 0 PAWs MSFT Windows 10 RS3 - Bitlocker]]></GPODisplayName></BackupInst><BackupInst><GPOGuid><![CDATA[{45090484-A532-4C26-8592-E9E76DD57818}]]></GPOGuid><GPODomain><![CDATA[contoso.com]]></GPODomain><GPODomainGuid><![CDATA[{f0c9a534-b03f-4f34-b74e-9a58750f24e0}]]></GPODomainGuid><GPODomainController><![CDATA[WIN-QVUK5D2VQ2V.contoso.com]]></GPODomainController><BackupTime><![CDATA[2018-06-28T12:52:56]]></BackupTime><ID><![CDATA[{DA04E79B-39C8-4B61-AF8C-114DE928F709}]]></ID><Comment><![CDATA[]]></Comment><GPODisplayName><![CDATA[*- Tier 0 PAWs MSFT Windows 10 RS4 - Bitlocker]]></GPODisplayName></BackupInst><BackupInst><GPOGuid><![CDATA[{FAEE74F0-B12F-4A75-B668-B12926F9E37F}]]></GPOGuid><GPODomain><![CDATA[contoso.com]]></GPODomain><GPODomainGuid><![CDATA[{f0c9a534-b03f-4f34-b74e-9a58750f24e0}]]></GPODomainGuid><GPODomainController><![CDATA[WIN-QVUK5D2VQ2V.contoso.com]]></GPODomainController><BackupTime><![CDATA[2018-06-28T12:52:56]]></BackupTime><ID><![CDATA[{B0EB0595-BE47-496E-8810-AF1910B80F55}]]></ID><Comment><![CDATA[]]></Comment><GPODisplayName><![CDATA[*- Tier 0 PAWs Bitlocker]]></GPODisplayName></BackupInst><BackupInst><GPOGuid><![CDATA[{B479DA22-AE51-4545-A1FD-322E1E67A350}]]></GPOGuid><GPODomain><![CDATA[contoso.com]]></GPODomain><GPODomainGuid><![CDATA[{f0c9a534-b03f-4f34-b74e-9a58750f24e0}]]></GPODomainGuid><GPODomainController><![CDATA[WIN-QVUK5D2VQ2V.contoso.com]]></GPODomainController><BackupTime><![CDATA[2018-06-28T12:52:55]]></BackupTime><ID><![CDATA[{C429C4F9-9C4F-4FBD-88FF-1C3C950C9F4E}]]></ID><Comment><![CDATA[]]></Comment><GPODisplayName><![CDATA[*- Tier 0 PAWs MSFT Windows 10 and Server 2016 Defender - Windows 10 RS2]]></GPODisplayName></BackupInst><BackupInst><GPOGuid><![CDATA[{91316BE1-13B7-4B97-8072-E2DEC660E587}]]></GPOGuid><GPODomain><![CDATA[contoso.com]]></GPODomain><GPODomainGuid><![CDATA[{f0c9a534-b03f-4f34-b74e-9a58750f24e0}]]></GPODomainGuid><GPODomainController><![CDATA[WIN-QVUK5D2VQ2V.contoso.com]]></GPODomainController><BackupTime><![CDATA[2018-06-28T12:52:55]]></BackupTime><ID><![CDATA[{EBD8D22A-AE09-4B19-8462-AB0CF2086715}]]></ID><Comment><![CDATA[]]></Comment><GPODisplayName><![CDATA[*- Tier 0 PAWs MSFT Windows 10 and Server 2016 Defender Antivirus - Windows 10 RS3]]></GPODisplayName></BackupInst><BackupInst><GPOGuid><![CDATA[{5DDF65FD-C4E1-49A3-AB1B-DCFC2EF6F120}]]></GPOGuid><GPODomain><![CDATA[contoso.com]]></GPODomain><GPODomainGuid><![CDATA[{f0c9a534-b03f-4f34-b74e-9a58750f24e0}]]></GPODomainGuid><GPODomainController><![CDATA[WIN-QVUK5D2VQ2V.contoso.com]]></GPODomainController><BackupTime><![CDATA[2018-06-28T12:52:55]]></BackupTime><ID><![CDATA[{987150C7-F6EC-45AF-AD70-2DF1AB61053B}]]></ID><Comment><![CDATA[]]></Comment><GPODisplayName><![CDATA[*- Tier 0 PAWs MSFT Windows 10 and Server 2016 - Defender Antivirus - Windows 10 RS4]]></GPODisplayName></BackupInst><BackupInst><GPOGuid><![CDATA[{130ED63A-0E32-49A0-A2B0-8ACE32F889E0}]]></GPOGuid><GPODomain><![CDATA[contoso.com]]></GPODomain><GPODomainGuid><![CDATA[{f0c9a534-b03f-4f34-b74e-9a58750f24e0}]]></GPODomainGuid><GPODomainController><![CDATA[WIN-QVUK5D2VQ2V.contoso.com]]></GPODomainController><BackupTime><![CDATA[2018-06-28T12:52:54]]></BackupTime><ID><![CDATA[{30213188-8193-451F-B0A2-1349D1D453CC}]]></ID><Comment><![CDATA[]]></Comment><GPODisplayName><![CDATA[*- Tier 0 PAWs MSFT Windows 10 RS2 - Computer]]></GPODisplayName></BackupInst><BackupInst><GPOGuid><![CDATA[{D150098F-3BA4-417E-8F2F-5862CEC7ECDB}]]></GPOGuid><GPODomain><![CDATA[contoso.com]]></GPODomain><GPODomainGuid><![CDATA[{f0c9a534-b03f-4f34-b74e-9a58750f24e0}]]></GPODomainGuid><GPODomainController><![CDATA[WIN-QVUK5D2VQ2V.contoso.com]]></GPODomainController><BackupTime><![CDATA[2018-06-28T12:52:54]]></BackupTime><ID><![CDATA[{6C764733-7CD3-4033-AA7F-C2B6EBF2D4CD}]]></ID><Comment><![CDATA[]]></Comment><GPODisplayName><![CDATA[*- Tier 0 PAWs MSFT Windows 10 RS3 - Computer]]></GPODisplayName></BackupInst><BackupInst><GPOGuid><![CDATA[{2C003CA4-62CE-4049-9775-F798CF0532F6}]]></GPOGuid><GPODomain><![CDATA[contoso.com]]></GPODomain><GPODomainGuid><![CDATA[{f0c9a534-b03f-4f34-b74e-9a58750f24e0}]]></GPODomainGuid><GPODomainController><![CDATA[WIN-QVUK5D2VQ2V.contoso.com]]></GPODomainController><BackupTime><![CDATA[2018-06-28T12:52:53]]></BackupTime><ID><![CDATA[{34C3B6E4-089D-4477-9D82-51CCA86B159C}]]></ID><Comment><![CDATA[]]></Comment><GPODisplayName><![CDATA[*- Tier 0 PAWs MSFT Windows 10 RS4 - Computer]]></GPODisplayName></BackupInst><BackupInst><GPOGuid><![CDATA[{A6C89A8D-D4B1-4CBC-865F-5FFBD3EA7B9A}]]></GPOGuid><GPODomain><![CDATA[contoso.com]]></GPODomain><GPODomainGuid><![CDATA[{f0c9a534-b03f-4f34-b74e-9a58750f24e0}]]></GPODomainGuid><GPODomainController><![CDATA[WIN-QVUK5D2VQ2V.contoso.com]]></GPODomainController><BackupTime><![CDATA[2018-06-28T12:52:53]]></BackupTime><ID><![CDATA[{F3759528-2663-4710-8015-31EFAFFBDA0E}]]></ID><Comment><![CDATA[]]></Comment><GPODisplayName><![CDATA[*- Tier 0 PAWs LAPS]]></GPODisplayName></BackupInst><BackupInst><GPOGuid><![CDATA[{99F3488B-E46B-414E-A298-EB10D41C0A6E}]]></GPOGuid><GPODomain><![CDATA[contoso.com]]></GPODomain><GPODomainGuid><![CDATA[{f0c9a534-b03f-4f34-b74e-9a58750f24e0}]]></GPODomainGuid><GPODomainController><![CDATA[WIN-QVUK5D2VQ2V.contoso.com]]></GPODomainController><BackupTime><![CDATA[2018-06-28T12:52:53]]></BackupTime><ID><![CDATA[{DBF0987D-BA13-4923-9828-236BB9DE3366}]]></ID><Comment><![CDATA[]]></Comment><GPODisplayName><![CDATA[*- Tier 0 PAWs Devices Base AppLocker Audit]]></GPODisplayName></BackupInst><BackupInst><GPOGuid><![CDATA[{D14A9140-A1CF-45FC-9C8E-791A0577544D}]]></GPOGuid><GPODomain><![CDATA[contoso.com]]></GPODomain><GPODomainGuid><![CDATA[{f0c9a534-b03f-4f34-b74e-9a58750f24e0}]]></GPODomainGuid><GPODomainController><![CDATA[WIN-QVUK5D2VQ2V.contoso.com]]></GPODomainController><BackupTime><![CDATA[2018-06-28T12:52:52]]></BackupTime><ID><![CDATA[{6571C510-AA00-47EC-A270-D6D5ADA5C0DF}]]></ID><Comment><![CDATA[]]></Comment><GPODisplayName><![CDATA[*- Tier 0 PAWs Devices Base AppLocker Enforce]]></GPODisplayName></BackupInst><BackupInst><GPOGuid><![CDATA[{E6C6DBFD-7B50-456D-A916-803C412BC669}]]></GPOGuid><GPODomain><![CDATA[contoso.com]]></GPODomain><GPODomainGuid><![CDATA[{f0c9a534-b03f-4f34-b74e-9a58750f24e0}]]></GPODomainGuid><GPODomainController><![CDATA[WIN-QVUK5D2VQ2V.contoso.com]]></GPODomainController><BackupTime><![CDATA[2018-06-28T12:52:52]]></BackupTime><ID><![CDATA[{3DE7712F-D5C2-4E21-8AB1-DEC2FE38662D}]]></ID><Comment><![CDATA[]]></Comment><GPODisplayName><![CDATA[*- Tier 0 PAWs Admin]]></GPODisplayName></BackupInst><BackupInst><GPOGuid><![CDATA[{FE6419D9-42AE-4BC0-B419-FC1252095C4C}]]></GPOGuid><GPODomain><![CDATA[contoso.com]]></GPODomain><GPODomainGuid><![CDATA[{f0c9a534-b03f-4f34-b74e-9a58750f24e0}]]></GPODomainGuid><GPODomainController><![CDATA[WIN-QVUK5D2VQ2V.contoso.com]]></GPODomainController><BackupTime><![CDATA[2018-06-28T12:52:52]]></BackupTime><ID><![CDATA[{D8BDCA20-45AD-488B-A2B8-A47D852BDAD6}]]></ID><Comment><![CDATA[]]></Comment><GPODisplayName><![CDATA[*- Tier 0 PAWs]]></GPODisplayName></BackupInst><BackupInst><GPOGuid><![CDATA[{C8993011-88FE-44A5-98C4-F34922238CC9}]]></GPOGuid><GPODomain><![CDATA[contoso.com]]></GPODomain><GPODomainGuid><![CDATA[{f0c9a534-b03f-4f34-b74e-9a58750f24e0}]]></GPODomainGuid><GPODomainController><![CDATA[WIN-QVUK5D2VQ2V.contoso.com]]></GPODomainController><BackupTime><![CDATA[2018-06-28T12:52:51]]></BackupTime><ID><![CDATA[{57EA8561-1C97-4531-B425-E1687586F12B}]]></ID><Comment><![CDATA[]]></Comment><GPODisplayName><![CDATA[*- Tier 0 PAWs Internet Access Configuration - User]]></GPODisplayName></BackupInst><BackupInst><GPOGuid><![CDATA[{7D31236C-8D49-4690-8BD4-52AF94215EE2}]]></GPOGuid><GPODomain><![CDATA[contoso.com]]></GPODomain><GPODomainGuid><![CDATA[{f0c9a534-b03f-4f34-b74e-9a58750f24e0}]]></GPODomainGuid><GPODomainController><![CDATA[WIN-QVUK5D2VQ2V.contoso.com]]></GPODomainController><BackupTime><![CDATA[2018-06-28T12:52:51]]></BackupTime><ID><![CDATA[{14C86655-6351-4B27-BAAC-57BC8E69BCD9}]]></ID><Comment><![CDATA[]]></Comment><GPODisplayName><![CDATA[*- Tier 0 PAWs MSFT Windows 10 RS2 - User]]></GPODisplayName></BackupInst><BackupInst><GPOGuid><![CDATA[{5D32139B-08EA-4535-A065-A1809BF0716C}]]></GPOGuid><GPODomain><![CDATA[contoso.com]]></GPODomain><GPODomainGuid><![CDATA[{f0c9a534-b03f-4f34-b74e-9a58750f24e0}]]></GPODomainGuid><GPODomainController><![CDATA[WIN-QVUK5D2VQ2V.contoso.com]]></GPODomainController><BackupTime><![CDATA[2018-06-28T12:52:51]]></BackupTime><ID><![CDATA[{91F80288-6223-4FDF-9D97-FA6E40C861E8}]]></ID><Comment><![CDATA[]]></Comment><GPODisplayName><![CDATA[*- Tier 0 PAWs MSFT Windows 10 RS3 - User]]></GPODisplayName></BackupInst><BackupInst><GPOGuid><![CDATA[{9170180F-D019-4A23-936D-D0B5FEB5160D}]]></GPOGuid><GPODomain><![CDATA[contoso.com]]></GPODomain><GPODomainGuid><![CDATA[{f0c9a534-b03f-4f34-b74e-9a58750f24e0}]]></GPODomainGuid><GPODomainController><![CDATA[WIN-QVUK5D2VQ2V.contoso.com]]></GPODomainController><BackupTime><![CDATA[2018-06-28T12:52:50]]></BackupTime><ID><![CDATA[{80B3F000-9F7D-435A-9E06-30AC8475797B}]]></ID><Comment><![CDATA[]]></Comment><GPODisplayName><![CDATA[*- Tier 0 PAWs MSFT Windows 10 RS4 - User]]></GPODisplayName></BackupInst><BackupInst><GPOGuid><![CDATA[{B1F78031-887B-46F8-A3E5-986E0B28DACB}]]></GPOGuid><GPODomain><![CDATA[contoso.com]]></GPODomain><GPODomainGuid><![CDATA[{f0c9a534-b03f-4f34-b74e-9a58750f24e0}]]></GPODomainGuid><GPODomainController><![CDATA[WIN-QVUK5D2VQ2V.contoso.com]]></GPODomainController><BackupTime><![CDATA[2018-06-28T12:52:50]]></BackupTime><ID><![CDATA[{143A4E54-45FB-4B30-AFBC-5284EC7F810D}]]></ID><Comment><![CDATA[]]></Comment><GPODisplayName><![CDATA[*- Tier 0 PAWs MSFT Internet Explorer 11 - User]]></GPODisplayName></BackupInst><BackupInst><GPOGuid><![CDATA[{2000908C-5D32-403E-AFD4-FBE369C59466}]]></GPOGuid><GPODomain><![CDATA[contoso.com]]></GPODomain><GPODomainGuid><![CDATA[{f0c9a534-b03f-4f34-b74e-9a58750f24e0}]]></GPODomainGuid><GPODomainController><![CDATA[WIN-QVUK5D2VQ2V.contoso.com]]></GPODomainController><BackupTime><![CDATA[2018-06-28T12:52:50]]></BackupTime><ID><![CDATA[{9A79CC06-73C8-4CF3-AA6F-8720B82A173C}]]></ID><Comment><![CDATA[]]></Comment><GPODisplayName><![CDATA[*- Tier 2 PAWs Admin]]></GPODisplayName></BackupInst><BackupInst><GPOGuid><![CDATA[{9BBA494F-2C89-43E9-ABD4-065A83C132E8}]]></GPOGuid><GPODomain><![CDATA[contoso.com]]></GPODomain><GPODomainGuid><![CDATA[{f0c9a534-b03f-4f34-b74e-9a58750f24e0}]]></GPODomainGuid><GPODomainController><![CDATA[WIN-QVUK5D2VQ2V.contoso.com]]></GPODomainController><BackupTime><![CDATA[2018-06-28T12:52:49]]></BackupTime><ID><![CDATA[{C9AD2A19-2893-46FC-86BE-EB00E4DCA757}]]></ID><Comment><![CDATA[]]></Comment><GPODisplayName><![CDATA[*- Tier 1 PAWs Admin]]></GPODisplayName></BackupInst><BackupInst><GPOGuid><![CDATA[{B5637999-4801-4510-81B3-5A03F98262F3}]]></GPOGuid><GPODomain><![CDATA[contoso.com]]></GPODomain><GPODomainGuid><![CDATA[{f0c9a534-b03f-4f34-b74e-9a58750f24e0}]]></GPODomainGuid><GPODomainController><![CDATA[WIN-QVUK5D2VQ2V.contoso.com]]></GPODomainController><BackupTime><![CDATA[2018-06-28T12:52:49]]></BackupTime><ID><![CDATA[{DF7F08BE-AF08-4533-AC00-D1D234EE2784}]]></ID><Comment><![CDATA[]]></Comment><GPODisplayName><![CDATA[*- WMI Filter Placeholder GPO - Not in Use]]></GPODisplayName></BackupInst><BackupInst><GPOGuid><![CDATA[{AAE87581-DF6C-41E2-94FA-DE1E7A4F4E0B}]]></GPOGuid><GPODomain><![CDATA[contoso.com]]></GPODomain><GPODomainGuid><![CDATA[{f0c9a534-b03f-4f34-b74e-9a58750f24e0}]]></GPODomainGuid><GPODomainController><![CDATA[WIN-QVUK5D2VQ2V.contoso.com]]></GPODomainController><BackupTime><![CDATA[2018-06-28T12:52:49]]></BackupTime><ID><![CDATA[{93C8DCF6-E0F0-4421-AF52-5F2DD41C0A75}]]></ID><Comment><![CDATA[]]></Comment><GPODisplayName><![CDATA[*- Computer Quarantine]]></GPODisplayName></BackupInst><BackupInst><GPOGuid><![CDATA[{B7EA921D-E410-40B5-8298-97030025A3C3}]]></GPOGuid><GPODomain><![CDATA[contoso.com]]></GPODomain><GPODomainGuid><![CDATA[{f0c9a534-b03f-4f34-b74e-9a58750f24e0}]]></GPODomainGuid><GPODomainController><![CDATA[WIN-QVUK5D2VQ2V.contoso.com]]></GPODomainController><BackupTime><![CDATA[2018-06-28T12:52:48]]></BackupTime><ID><![CDATA[{7DB9AE39-4715-414A-B43A-65D4BA257E22}]]></ID><Comment><![CDATA[]]></Comment><GPODisplayName><![CDATA[*- Tier 2 Devices Staging]]></GPODisplayName></BackupInst><BackupInst><GPOGuid><![CDATA[{B50D76FB-4DE2-45D0-97FA-80C7B65FF863}]]></GPOGuid><GPODomain><![CDATA[contoso.com]]></GPODomain><GPODomainGuid><![CDATA[{f0c9a534-b03f-4f34-b74e-9a58750f24e0}]]></GPODomainGuid><GPODomainController><![CDATA[WIN-QVUK5D2VQ2V.contoso.com]]></GPODomainController><BackupTime><![CDATA[2018-06-28T12:52:48]]></BackupTime><ID><![CDATA[{7954A6C6-5510-4D42-919B-6BB2BF5D80C7}]]></ID><Comment><![CDATA[]]></Comment><GPODisplayName><![CDATA[*- Tier 1 Servers Staging]]></GPODisplayName></BackupInst><BackupInst><GPOGuid><![CDATA[{F2BED7FB-7DC1-4251-8930-DB4354F92785}]]></GPOGuid><GPODomain><![CDATA[contoso.com]]></GPODomain><GPODomainGuid><![CDATA[{f0c9a534-b03f-4f34-b74e-9a58750f24e0}]]></GPODomainGuid><GPODomainController><![CDATA[WIN-QVUK5D2VQ2V.contoso.com]]></GPODomainController><BackupTime><![CDATA[2018-06-28T12:52:48]]></BackupTime><ID><![CDATA[{3D6C93E9-CDF1-4E4B-92DD-1D5E3A0627F0}]]></ID><Comment><![CDATA[]]></Comment><GPODisplayName><![CDATA[*- Tier 2 MSFT Internet Explorer 11 - User]]></GPODisplayName></BackupInst><BackupInst><GPOGuid><![CDATA[{D25461C1-6684-4543-B996-2FAF59E910AF}]]></GPOGuid><GPODomain><![CDATA[contoso.com]]></GPODomain><GPODomainGuid><![CDATA[{f0c9a534-b03f-4f34-b74e-9a58750f24e0}]]></GPODomainGuid><GPODomainController><![CDATA[WIN-QVUK5D2VQ2V.contoso.com]]></GPODomainController><BackupTime><![CDATA[2018-06-28T12:52:48]]></BackupTime><ID><![CDATA[{671EA9F3-B2EF-41B9-A6E0-4C08872A4537}]]></ID><Comment><![CDATA[]]></Comment><GPODisplayName><![CDATA[*- Tier 2 MSFT Windows 10 RS2 - User]]></GPODisplayName></BackupInst><BackupInst><GPOGuid><![CDATA[{40927099-D90C-470F-A425-E47318F6849C}]]></GPOGuid><GPODomain><![CDATA[contoso.com]]></GPODomain><GPODomainGuid><![CDATA[{f0c9a534-b03f-4f34-b74e-9a58750f24e0}]]></GPODomainGuid><GPODomainController><![CDATA[WIN-QVUK5D2VQ2V.contoso.com]]></GPODomainController><BackupTime><![CDATA[2018-06-28T12:52:47]]></BackupTime><ID><![CDATA[{6557A1EA-2AB3-46A4-BA3A-81A947B5F61D}]]></ID><Comment><![CDATA[]]></Comment><GPODisplayName><![CDATA[*- Tier 2 MSFT Windows 10 RS3 - User]]></GPODisplayName></BackupInst><BackupInst><GPOGuid><![CDATA[{6DFEB590-4FC9-4712-9B95-169A9091CCEC}]]></GPOGuid><GPODomain><![CDATA[contoso.com]]></GPODomain><GPODomainGuid><![CDATA[{f0c9a534-b03f-4f34-b74e-9a58750f24e0}]]></GPODomainGuid><GPODomainController><![CDATA[WIN-QVUK5D2VQ2V.contoso.com]]></GPODomainController><BackupTime><![CDATA[2018-06-28T12:52:47]]></BackupTime><ID><![CDATA[{1297A172-6FC6-4D87-931F-98DB9517B098}]]></ID><Comment><![CDATA[]]></Comment><GPODisplayName><![CDATA[*- Tier 2 MSFT Windows 10 RS4 - User]]></GPODisplayName></BackupInst><BackupInst><GPOGuid><![CDATA[{DE15CA15-9DB5-46CF-9D10-1474242422BF}]]></GPOGuid><GPODomain><![CDATA[contoso.com]]></GPODomain><GPODomainGuid><![CDATA[{f0c9a534-b03f-4f34-b74e-9a58750f24e0}]]></GPODomainGuid><GPODomainController><![CDATA[WIN-QVUK5D2VQ2V.contoso.com]]></GPODomainController><BackupTime><![CDATA[2018-06-28T12:52:47]]></BackupTime><ID><![CDATA[{1DE5689D-5418-454F-8394-EB34701FA028}]]></ID><Comment><![CDATA[]]></Comment><GPODisplayName><![CDATA[*- Tier 2 MSFT Internet Explorer 11 - Computer]]></GPODisplayName></BackupInst><BackupInst><GPOGuid><![CDATA[{BEA3870B-55FE-4639-AC86-FA15D71C9F28}]]></GPOGuid><GPODomain><![CDATA[contoso.com]]></GPODomain><GPODomainGuid><![CDATA[{f0c9a534-b03f-4f34-b74e-9a58750f24e0}]]></GPODomainGuid><GPODomainController><![CDATA[WIN-QVUK5D2VQ2V.contoso.com]]></GPODomainController><BackupTime><![CDATA[2018-06-28T12:52:46]]></BackupTime><ID><![CDATA[{CEAC41B5-2E9D-4E00-A1E4-2DFAF259F8C3}]]></ID><Comment><![CDATA[]]></Comment><GPODisplayName><![CDATA[*- Tier 2 MSFT Windows 10 and Server 2016 - Credential Guard]]></GPODisplayName></BackupInst><BackupInst><GPOGuid><![CDATA[{BEA249C9-EAC4-41E5-B2E7-ED223CD43574}]]></GPOGuid><GPODomain><![CDATA[contoso.com]]></GPODomain><GPODomainGuid><![CDATA[{f0c9a534-b03f-4f34-b74e-9a58750f24e0}]]></GPODomainGuid><GPODomainController><![CDATA[WIN-QVUK5D2VQ2V.contoso.com]]></GPODomainController><BackupTime><![CDATA[2018-06-28T12:52:46]]></BackupTime><ID><![CDATA[{D6C67B05-47F0-4D35-8A9D-39195515F112}]]></ID><Comment><![CDATA[]]></Comment><GPODisplayName><![CDATA[*- Tier 2 MSFT Windows 10 RS2 - Bitlocker]]></GPODisplayName></BackupInst><BackupInst><GPOGuid><![CDATA[{7EBDAAFE-28D3-4BBE-B197-482469681461}]]></GPOGuid><GPODomain><![CDATA[contoso.com]]></GPODomain><GPODomainGuid><![CDATA[{f0c9a534-b03f-4f34-b74e-9a58750f24e0}]]></GPODomainGuid><GPODomainController><![CDATA[WIN-QVUK5D2VQ2V.contoso.com]]></GPODomainController><BackupTime><![CDATA[2018-06-28T12:52:46]]></BackupTime><ID><![CDATA[{2801E26E-AF75-4028-9EA0-1F64271D5854}]]></ID><Comment><![CDATA[]]></Comment><GPODisplayName><![CDATA[*- Tier 2 MSFT Windows 10 RS3 - Bitlocker]]></GPODisplayName></BackupInst><BackupInst><GPOGuid><![CDATA[{7488A79A-CD85-42DA-875B-74B2764891B4}]]></GPOGuid><GPODomain><![CDATA[contoso.com]]></GPODomain><GPODomainGuid><![CDATA[{f0c9a534-b03f-4f34-b74e-9a58750f24e0}]]></GPODomainGuid><GPODomainController><![CDATA[WIN-QVUK5D2VQ2V.contoso.com]]></GPODomainController><BackupTime><![CDATA[2018-06-28T12:52:45]]></BackupTime><ID><![CDATA[{7467A9AC-5D69-4A3A-9FCA-7AB2BAA83BDC}]]></ID><Comment><![CDATA[]]></Comment><GPODisplayName><![CDATA[*- Tier 2 MSFT Windows 10 RS4 - Bitlocker]]></GPODisplayName></BackupInst><BackupInst><GPOGuid><![CDATA[{943ED0A9-5429-4961-9A19-42617A4FE916}]]></GPOGuid><GPODomain><![CDATA[contoso.com]]></GPODomain><GPODomainGuid><![CDATA[{f0c9a534-b03f-4f34-b74e-9a58750f24e0}]]></GPODomainGuid><GPODomainController><![CDATA[WIN-QVUK5D2VQ2V.contoso.com]]></GPODomainController><BackupTime><![CDATA[2018-06-28T12:52:45]]></BackupTime><ID><![CDATA[{256C8B1B-DE7F-4525-BB53-2788ED870DC9}]]></ID><Comment><![CDATA[]]></Comment><GPODisplayName><![CDATA[*- Tier 2 MSFT Windows 10 and Server 2016 Defender - Windows 10 RS2]]></GPODisplayName></BackupInst><BackupInst><GPOGuid><![CDATA[{E185AD1A-331C-4439-8CEE-B9930CC3DF3C}]]></GPOGuid><GPODomain><![CDATA[contoso.com]]></GPODomain><GPODomainGuid><![CDATA[{f0c9a534-b03f-4f34-b74e-9a58750f24e0}]]></GPODomainGuid><GPODomainController><![CDATA[WIN-QVUK5D2VQ2V.contoso.com]]></GPODomainController><BackupTime><![CDATA[2018-06-28T12:52:45]]></BackupTime><ID><![CDATA[{8E8D33DA-2C23-4A23-87B7-E1C88E32EB2C}]]></ID><Comment><![CDATA[]]></Comment><GPODisplayName><![CDATA[*- Tier 2 MSFT Windows 10 and Server 2016 Defender Antivirus - Windows 10 RS3]]></GPODisplayName></BackupInst><BackupInst><GPOGuid><![CDATA[{6E14CC8D-7A9F-4F6F-9E60-FC181ED73C7B}]]></GPOGuid><GPODomain><![CDATA[contoso.com]]></GPODomain><GPODomainGuid><![CDATA[{f0c9a534-b03f-4f34-b74e-9a58750f24e0}]]></GPODomainGuid><GPODomainController><![CDATA[WIN-QVUK5D2VQ2V.contoso.com]]></GPODomainController><BackupTime><![CDATA[2018-06-28T12:52:44]]></BackupTime><ID><![CDATA[{40D8D19C-9A80-4809-814D-FF0C1B31460F}]]></ID><Comment><![CDATA[]]></Comment><GPODisplayName><![CDATA[*- Tier 2 MSFT Windows 10 and Server 2016 - Defender Antivirus - Windows 10 RS4]]></GPODisplayName></BackupInst><BackupInst><GPOGuid><![CDATA[{B0EC5B27-27C4-4B92-9ED7-4562A79E6E4B}]]></GPOGuid><GPODomain><![CDATA[contoso.com]]></GPODomain><GPODomainGuid><![CDATA[{f0c9a534-b03f-4f34-b74e-9a58750f24e0}]]></GPODomainGuid><GPODomainController><![CDATA[WIN-QVUK5D2VQ2V.contoso.com]]></GPODomainController><BackupTime><![CDATA[2018-06-28T12:52:44]]></BackupTime><ID><![CDATA[{C8560D74-E1FF-4221-A4CF-3EC08CADE45E}]]></ID><Comment><![CDATA[]]></Comment><GPODisplayName><![CDATA[*- Tier 2 MSFT Windows 10 RS2 - Computer]]></GPODisplayName></BackupInst><BackupInst><GPOGuid><![CDATA[{A52F0F0D-CEE0-4E66-8CEC-CD6B4B8F14AC}]]></GPOGuid><GPODomain><![CDATA[contoso.com]]></GPODomain><GPODomainGuid><![CDATA[{f0c9a534-b03f-4f34-b74e-9a58750f24e0}]]></GPODomainGuid><GPODomainController><![CDATA[WIN-QVUK5D2VQ2V.contoso.com]]></GPODomainController><BackupTime><![CDATA[2018-06-28T12:52:44]]></BackupTime><ID><![CDATA[{04F8A4B9-5B51-4EE1-B6E1-F7688BD78536}]]></ID><Comment><![CDATA[]]></Comment><GPODisplayName><![CDATA[*- Tier 2 MSFT Windows 10 RS3 - Computer]]></GPODisplayName></BackupInst><BackupInst><GPOGuid><![CDATA[{E185908B-ABED-475E-943B-857B094F39FD}]]></GPOGuid><GPODomain><![CDATA[contoso.com]]></GPODomain><GPODomainGuid><![CDATA[{f0c9a534-b03f-4f34-b74e-9a58750f24e0}]]></GPODomainGuid><GPODomainController><![CDATA[WIN-QVUK5D2VQ2V.contoso.com]]></GPODomainController><BackupTime><![CDATA[2018-06-28T12:52:43]]></BackupTime><ID><![CDATA[{8D84C681-2449-46B1-B967-1B9709C5C44A}]]></ID><Comment><![CDATA[]]></Comment><GPODisplayName><![CDATA[*- Tier 2 MSFT Windows 10 RS4 - Computer]]></GPODisplayName></BackupInst><BackupInst><GPOGuid><![CDATA[{8520DA00-24AB-4305-B37E-0EF90189EEAB}]]></GPOGuid><GPODomain><![CDATA[contoso.com]]></GPODomain><GPODomainGuid><![CDATA[{f0c9a534-b03f-4f34-b74e-9a58750f24e0}]]></GPODomainGuid><GPODomainController><![CDATA[WIN-QVUK5D2VQ2V.contoso.com]]></GPODomainController><BackupTime><![CDATA[2018-06-28T12:52:43]]></BackupTime><ID><![CDATA[{94F85B22-0CDC-4DD8-BC98-3EAF7A02D83C}]]></ID><Comment><![CDATA[]]></Comment><GPODisplayName><![CDATA[*- Tier 2 LAPS]]></GPODisplayName></BackupInst><BackupInst><GPOGuid><![CDATA[{FE34FA0C-B266-4A22-80E0-18435586F19F}]]></GPOGuid><GPODomain><![CDATA[contoso.com]]></GPODomain><GPODomainGuid><![CDATA[{f0c9a534-b03f-4f34-b74e-9a58750f24e0}]]></GPODomainGuid><GPODomainController><![CDATA[WIN-QVUK5D2VQ2V.contoso.com]]></GPODomainController><BackupTime><![CDATA[2018-06-28T12:52:43]]></BackupTime><ID><![CDATA[{ABD01C50-AE27-41B8-B63D-6ED0541F3959}]]></ID><Comment><![CDATA[]]></Comment><GPODisplayName><![CDATA[*- Tier 2 Workstations]]></GPODisplayName></BackupInst><BackupInst><GPOGuid><![CDATA[{73CB2FC1-84F7-414C-83CB-5F54387DCC3E}]]></GPOGuid><GPODomain><![CDATA[contoso.com]]></GPODomain><GPODomainGuid><![CDATA[{f0c9a534-b03f-4f34-b74e-9a58750f24e0}]]></GPODomainGuid><GPODomainController><![CDATA[WIN-QVUK5D2VQ2V.contoso.com]]></GPODomainController><BackupTime><![CDATA[2018-06-28T12:52:42]]></BackupTime><ID><![CDATA[{32A5A592-F204-40FB-A4B0-F3702EF7B22B}]]></ID><Comment><![CDATA[]]></Comment><GPODisplayName><![CDATA[*- Tier 1 Servers MSFT Windows 10 and Server 2016 - Credential Guard]]></GPODisplayName></BackupInst><BackupInst><GPOGuid><![CDATA[{7482C30B-6A2A-44AB-8289-CF46A0416D40}]]></GPOGuid><GPODomain><![CDATA[contoso.com]]></GPODomain><GPODomainGuid><![CDATA[{f0c9a534-b03f-4f34-b74e-9a58750f24e0}]]></GPODomainGuid><GPODomainController><![CDATA[WIN-QVUK5D2VQ2V.contoso.com]]></GPODomainController><BackupTime><![CDATA[2018-06-28T12:52:42]]></BackupTime><ID><![CDATA[{283DFDAB-CF3E-4C11-8AA1-BF9923833DFB}]]></ID><Comment><![CDATA[]]></Comment><GPODisplayName><![CDATA[*- Tier 1 Servers SCM Windows Server 2016 - Member Server Baseline - User]]></GPODisplayName></BackupInst><BackupInst><GPOGuid><![CDATA[{83E33245-055B-495D-9F0B-955601A82347}]]></GPOGuid><GPODomain><![CDATA[contoso.com]]></GPODomain><GPODomainGuid><![CDATA[{f0c9a534-b03f-4f34-b74e-9a58750f24e0}]]></GPODomainGuid><GPODomainController><![CDATA[WIN-QVUK5D2VQ2V.contoso.com]]></GPODomainController><BackupTime><![CDATA[2018-06-28T12:52:42]]></BackupTime><ID><![CDATA[{E4B86FCC-191B-4600-BCF5-675A034FD149}]]></ID><Comment><![CDATA[]]></Comment><GPODisplayName><![CDATA[*- Tier 1 Servers MSFT Internet Explorer 11 - Computer]]></GPODisplayName></BackupInst><BackupInst><GPOGuid><![CDATA[{27673BA1-6B78-49CB-99A1-7C9FC9512B32}]]></GPOGuid><GPODomain><![CDATA[contoso.com]]></GPODomain><GPODomainGuid><![CDATA[{f0c9a534-b03f-4f34-b74e-9a58750f24e0}]]></GPODomainGuid><GPODomainController><![CDATA[WIN-QVUK5D2VQ2V.contoso.com]]></GPODomainController><BackupTime><![CDATA[2018-06-28T12:52:41]]></BackupTime><ID><![CDATA[{F50EDC15-21BD-4F9D-BF19-A600D1DE55E9}]]></ID><Comment><![CDATA[]]></Comment><GPODisplayName><![CDATA[*- Tier 1 Servers MSFT Windows Server 2012 R2 Member Server Baseline]]></GPODisplayName></BackupInst><BackupInst><GPOGuid><![CDATA[{009BD128-4C78-4CEE-8DCF-A1474F70BE8A}]]></GPOGuid><GPODomain><![CDATA[contoso.com]]></GPODomain><GPODomainGuid><![CDATA[{f0c9a534-b03f-4f34-b74e-9a58750f24e0}]]></GPODomainGuid><GPODomainController><![CDATA[WIN-QVUK5D2VQ2V.contoso.com]]></GPODomainController><BackupTime><![CDATA[2018-06-28T12:52:41]]></BackupTime><ID><![CDATA[{F1986F8D-CD1C-4766-AFD6-B425CFC51B7C}]]></ID><Comment><![CDATA[]]></Comment><GPODisplayName><![CDATA[*- Tier 1 Servers SCM Windows Server 2016 - Member Server Baseline - Computer]]></GPODisplayName></BackupInst><BackupInst><GPOGuid><![CDATA[{163FD520-7D82-4F5F-A49F-3FC4FE0EA3F9}]]></GPOGuid><GPODomain><![CDATA[contoso.com]]></GPODomain><GPODomainGuid><![CDATA[{f0c9a534-b03f-4f34-b74e-9a58750f24e0}]]></GPODomainGuid><GPODomainController><![CDATA[WIN-QVUK5D2VQ2V.contoso.com]]></GPODomainController><BackupTime><![CDATA[2018-06-28T12:52:41]]></BackupTime><ID><![CDATA[{34344F98-B8DA-437E-8A49-AC729CAA74DB}]]></ID><Comment><![CDATA[]]></Comment><GPODisplayName><![CDATA[*- Tier 1 Servers MSFT Windows 10 and Server 2016 Defender]]></GPODisplayName></BackupInst><BackupInst><GPOGuid><![CDATA[{784F2775-47D8-458A-BE22-4FCB027E7288}]]></GPOGuid><GPODomain><![CDATA[contoso.com]]></GPODomain><GPODomainGuid><![CDATA[{f0c9a534-b03f-4f34-b74e-9a58750f24e0}]]></GPODomainGuid><GPODomainController><![CDATA[WIN-QVUK5D2VQ2V.contoso.com]]></GPODomainController><BackupTime><![CDATA[2018-06-28T12:52:40]]></BackupTime><ID><![CDATA[{B5F9DA06-1E93-47D8-820C-0CB79035216F}]]></ID><Comment><![CDATA[]]></Comment><GPODisplayName><![CDATA[*- Tier 1 Servers LAPS]]></GPODisplayName></BackupInst><BackupInst><GPOGuid><![CDATA[{92C88CCA-0F01-4192-95E4-15B44C53AC85}]]></GPOGuid><GPODomain><![CDATA[contoso.com]]></GPODomain><GPODomainGuid><![CDATA[{f0c9a534-b03f-4f34-b74e-9a58750f24e0}]]></GPODomainGuid><GPODomainController><![CDATA[WIN-QVUK5D2VQ2V.contoso.com]]></GPODomainController><BackupTime><![CDATA[2018-06-28T12:52:40]]></BackupTime><ID><![CDATA[{EB87E8DF-32A7-4F47-B22B-EA4BE2A6658B}]]></ID><Comment><![CDATA[]]></Comment><GPODisplayName><![CDATA[*- Tier 1 Servers]]></GPODisplayName></BackupInst><BackupInst><GPOGuid><![CDATA[{313A5578-4FBE-4247-9341-F74C15767BB4}]]></GPOGuid><GPODomain><![CDATA[contoso.com]]></GPODomain><GPODomainGuid><![CDATA[{f0c9a534-b03f-4f34-b74e-9a58750f24e0}]]></GPODomainGuid><GPODomainController><![CDATA[WIN-QVUK5D2VQ2V.contoso.com]]></GPODomainController><BackupTime><![CDATA[2018-06-28T12:52:39]]></BackupTime><ID><![CDATA[{1BD376E6-FEBB-4E4E-905C-C075B7B4C0AA}]]></ID><Comment><![CDATA[]]></Comment><GPODisplayName><![CDATA[*- Tier 0 DCs MSFT Internet Explorer 11 - Computer]]></GPODisplayName></BackupInst><BackupInst><GPOGuid><![CDATA[{106A4F8F-248C-4B3D-8EE6-81D3EF41235C}]]></GPOGuid><GPODomain><![CDATA[contoso.com]]></GPODomain><GPODomainGuid><![CDATA[{f0c9a534-b03f-4f34-b74e-9a58750f24e0}]]></GPODomainGuid><GPODomainController><![CDATA[WIN-QVUK5D2VQ2V.contoso.com]]></GPODomainController><BackupTime><![CDATA[2018-06-28T12:52:39]]></BackupTime><ID><![CDATA[{C44B1DD0-1FC5-46B7-A9AE-D1D53559AEBA}]]></ID><Comment><![CDATA[]]></Comment><GPODisplayName><![CDATA[*- Tier 0 DCs MSFT Windows 10 and Server 2016 Defender]]></GPODisplayName></BackupInst><BackupInst><GPOGuid><![CDATA[{AA182FEA-8685-44AD-9DE6-2B8B41C18170}]]></GPOGuid><GPODomain><![CDATA[contoso.com]]></GPODomain><GPODomainGuid><![CDATA[{f0c9a534-b03f-4f34-b74e-9a58750f24e0}]]></GPODomainGuid><GPODomainController><![CDATA[WIN-QVUK5D2VQ2V.contoso.com]]></GPODomainController><BackupTime><![CDATA[2018-06-28T12:52:39]]></BackupTime><ID><![CDATA[{CACCFBE9-B126-442B-9C1B-2983A1BFF0C6}]]></ID><Comment><![CDATA[]]></Comment><GPODisplayName><![CDATA[*- Tier 0 DCs MSFT Windows Server 2012 R2 Domain Controller Baseline]]></GPODisplayName></BackupInst><BackupInst><GPOGuid><![CDATA[{DF0AEFAE-B95A-4FA0-9B5E-1C8D81C9FF89}]]></GPOGuid><GPODomain><![CDATA[contoso.com]]></GPODomain><GPODomainGuid><![CDATA[{f0c9a534-b03f-4f34-b74e-9a58750f24e0}]]></GPODomainGuid><GPODomainController><![CDATA[WIN-QVUK5D2VQ2V.contoso.com]]></GPODomainController><BackupTime><![CDATA[2018-06-28T12:52:38]]></BackupTime><ID><![CDATA[{F93179AF-A623-49B3-A603-09C3C3CF3C40}]]></ID><Comment><![CDATA[]]></Comment><GPODisplayName><![CDATA[*- Tier 0 DCs SCM Windows Server 2016 - Domain Controller Baseline]]></GPODisplayName></BackupInst></Backups>