<Backups xmlns="http://www.microsoft.com/GroupPolicy/GPOOperations/Manifest" xmlns:mfst="http://www.microsoft.com/GroupPolicy/GPOOperations/Manifest" mfst:version="1.0"><BackupInst><GPOGuid><![CDATA[{0E7607EC-DBA4-47A0-8A1B-AC56979348FD}]]></GPOGuid><GPODomain><![CDATA[treyresearch.net]]></GPODomain><GPODomainGuid><![CDATA[{eec1d81e-fb6a-4aad-8469-9cbf0c84fbce}]]></GPODomainGuid><GPODomainController><![CDATA[WIN-F1GJ2LI24P0.treyresearch.net]]></GPODomainController><BackupTime><![CDATA[2018-12-31T06:09:41]]></BackupTime><ID><![CDATA[{599E1740-6849-4449-9115-4B2EF28D2573}]]></ID><Comment><![CDATA[]]></Comment><GPODisplayName><![CDATA[*- Additional Domain Security Settings]]></GPODisplayName></BackupInst><BackupInst><GPOGuid><![CDATA[{584B4D17-80B4-46B8-A4B5-7DB96DC1E59C}]]></GPOGuid><GPODomain><![CDATA[treyresearch.net]]></GPODomain><GPODomainGuid><![CDATA[{eec1d81e-fb6a-4aad-8469-9cbf0c84fbce}]]></GPODomainGuid><GPODomainController><![CDATA[WIN-F1GJ2LI24P0.treyresearch.net]]></GPODomainController><BackupTime><![CDATA[2018-12-31T06:09:40]]></BackupTime><ID><![CDATA[{24B028C9-FB32-44CA-A5EE-AE356794DA92}]]></ID><Comment><![CDATA[]]></Comment><GPODisplayName><![CDATA[*- MSFT Windows 10 and Server 2016 - Domain Security]]></GPODisplayName></BackupInst><BackupInst><GPOGuid><![CDATA[{C06C05BD-B195-4574-82B5-7EBCB2830187}]]></GPOGuid><GPODomain><![CDATA[treyresearch.net]]></GPODomain><GPODomainGuid><![CDATA[{eec1d81e-fb6a-4aad-8469-9cbf0c84fbce}]]></GPODomainGuid><GPODomainController><![CDATA[WIN-F1GJ2LI24P0.treyresearch.net]]></GPODomainController><BackupTime><![CDATA[2018-12-31T06:09:40]]></BackupTime><ID><![CDATA[{A98D20ED-53EF-481B-997C-53BDBE8DA466}]]></ID><Comment><![CDATA[]]></Comment><GPODisplayName><![CDATA[*- Tier 0 Servers Host Guardian Service Administration Policy]]></GPODisplayName></BackupInst><BackupInst><GPOGuid><![CDATA[{BA43555E-AE79-410A-9C0A-6DC44EE2B126}]]></GPOGuid><GPODomain><![CDATA[treyresearch.net]]></GPODomain><GPODomainGuid><![CDATA[{eec1d81e-fb6a-4aad-8469-9cbf0c84fbce}]]></GPODomainGuid><GPODomainController><![CDATA[WIN-F1GJ2LI24P0.treyresearch.net]]></GPODomainController><BackupTime><![CDATA[2018-12-31T06:09:39]]></BackupTime><ID><![CDATA[{2B85EE5F-1591-4DC5-9BF4-3C3CB619E18C}]]></ID><Comment><![CDATA[]]></Comment><GPODisplayName><![CDATA[*- PAW Staging Restricted Groups]]></GPODisplayName></BackupInst><BackupInst><GPOGuid><![CDATA[{4B2A86D2-3C61-4B59-AA04-A163A0B33A80}]]></GPOGuid><GPODomain><![CDATA[treyresearch.net]]></GPODomain><GPODomainGuid><![CDATA[{eec1d81e-fb6a-4aad-8469-9cbf0c84fbce}]]></GPODomainGuid><GPODomainController><![CDATA[WIN-F1GJ2LI24P0.treyresearch.net]]></GPODomainController><BackupTime><![CDATA[2018-12-31T06:09:39]]></BackupTime><ID><![CDATA[{9CF9B8F3-4D30-4931-AD70-A897915227F3}]]></ID><Comment><![CDATA[]]></Comment><GPODisplayName><![CDATA[*- PAW Staging Bitlocker]]></GPODisplayName></BackupInst><BackupInst><GPOGuid><![CDATA[{7BEE9495-D085-4862-AF46-A10864024F5F}]]></GPOGuid><GPODomain><![CDATA[treyresearch.net]]></GPODomain><GPODomainGuid><![CDATA[{eec1d81e-fb6a-4aad-8469-9cbf0c84fbce}]]></GPODomainGuid><GPODomainController><![CDATA[WIN-F1GJ2LI24P0.treyresearch.net]]></GPODomainController><BackupTime><![CDATA[2018-12-31T06:09:38]]></BackupTime><ID><![CDATA[{FF0C7BEB-31DF-4257-A6FC-2AC6E0062682}]]></ID><Comment><![CDATA[]]></Comment><GPODisplayName><![CDATA[*- Tier 2 PAWs Telemetry Configuration]]></GPODisplayName></BackupInst><BackupInst><GPOGuid><![CDATA[{CE72DDA8-36E6-4421-965F-629732E5D772}]]></GPOGuid><GPODomain><![CDATA[treyresearch.net]]></GPODomain><GPODomainGuid><![CDATA[{eec1d81e-fb6a-4aad-8469-9cbf0c84fbce}]]></GPODomainGuid><GPODomainController><![CDATA[WIN-F1GJ2LI24P0.treyresearch.net]]></GPODomainController><BackupTime><![CDATA[2018-12-31T06:09:38]]></BackupTime><ID><![CDATA[{375ABE2A-76A9-4C40-846F-7ED68968457F}]]></ID><Comment><![CDATA[]]></Comment><GPODisplayName><![CDATA[*- Tier 2 PAWs MSFT Internet Explorer 11 - Computer]]></GPODisplayName></BackupInst><BackupInst><GPOGuid><![CDATA[{F9F609CC-9861-488F-AA67-8A61B4D0C8A3}]]></GPOGuid><GPODomain><![CDATA[treyresearch.net]]></GPODomain><GPODomainGuid><![CDATA[{eec1d81e-fb6a-4aad-8469-9cbf0c84fbce}]]></GPODomainGuid><GPODomainController><![CDATA[WIN-F1GJ2LI24P0.treyresearch.net]]></GPODomainController><BackupTime><![CDATA[2018-12-31T06:09:38]]></BackupTime><ID><![CDATA[{77C664D0-C136-4378-84A5-C253AD3D87F0}]]></ID><Comment><![CDATA[]]></Comment><GPODisplayName><![CDATA[*- Tier 2 PAWs MSFT Windows 10 and Server 2016 - Credential Guard]]></GPODisplayName></BackupInst><BackupInst><GPOGuid><![CDATA[{5BCB4207-82DC-49D3-9E04-34551D09571E}]]></GPOGuid><GPODomain><![CDATA[treyresearch.net]]></GPODomain><GPODomainGuid><![CDATA[{eec1d81e-fb6a-4aad-8469-9cbf0c84fbce}]]></GPODomainGuid><GPODomainController><![CDATA[WIN-F1GJ2LI24P0.treyresearch.net]]></GPODomainController><BackupTime><![CDATA[2018-12-31T06:09:37]]></BackupTime><ID><![CDATA[{BEC1FF11-A6CB-4BD0-97E3-BFF484387297}]]></ID><Comment><![CDATA[]]></Comment><GPODisplayName><![CDATA[*- Tier 2 PAWs MSFT Windows 10 1809 and Server 2019 Member Server - Credential Guard]]></GPODisplayName></BackupInst><BackupInst><GPOGuid><![CDATA[{320344F8-CABF-4FB1-B908-9C59EA259899}]]></GPOGuid><GPODomain><![CDATA[treyresearch.net]]></GPODomain><GPODomainGuid><![CDATA[{eec1d81e-fb6a-4aad-8469-9cbf0c84fbce}]]></GPODomainGuid><GPODomainController><![CDATA[WIN-F1GJ2LI24P0.treyresearch.net]]></GPODomainController><BackupTime><![CDATA[2018-12-31T06:09:37]]></BackupTime><ID><![CDATA[{D273EFF6-34B3-442D-BA28-4DA5236BD44E}]]></ID><Comment><![CDATA[]]></Comment><GPODisplayName><![CDATA[*- Tier 2 PAWs MSFT Windows 10 RS2 - Bitlocker]]></GPODisplayName></BackupInst><BackupInst><GPOGuid><![CDATA[{940E046C-DC4A-48CE-8416-4A0534298A2A}]]></GPOGuid><GPODomain><![CDATA[treyresearch.net]]></GPODomain><GPODomainGuid><![CDATA[{eec1d81e-fb6a-4aad-8469-9cbf0c84fbce}]]></GPODomainGuid><GPODomainController><![CDATA[WIN-F1GJ2LI24P0.treyresearch.net]]></GPODomainController><BackupTime><![CDATA[2018-12-31T06:09:36]]></BackupTime><ID><![CDATA[{C55E2E4F-5168-48B2-B384-6A76EBC40C67}]]></ID><Comment><![CDATA[]]></Comment><GPODisplayName><![CDATA[*- Tier 2 PAWs MSFT Windows 10 RS3 - Bitlocker]]></GPODisplayName></BackupInst><BackupInst><GPOGuid><![CDATA[{6030D16D-5D69-489D-BCC9-70EF41CCDD63}]]></GPOGuid><GPODomain><![CDATA[treyresearch.net]]></GPODomain><GPODomainGuid><![CDATA[{eec1d81e-fb6a-4aad-8469-9cbf0c84fbce}]]></GPODomainGuid><GPODomainController><![CDATA[WIN-F1GJ2LI24P0.treyresearch.net]]></GPODomainController><BackupTime><![CDATA[2018-12-31T06:09:35]]></BackupTime><ID><![CDATA[{D2FB0DE0-71FE-454A-B053-06D88A54E7C0}]]></ID><Comment><![CDATA[]]></Comment><GPODisplayName><![CDATA[*- Tier 2 PAWs MSFT Windows 10 RS4 - Bitlocker]]></GPODisplayName></BackupInst><BackupInst><GPOGuid><![CDATA[{9BF3C537-5A4B-4AC8-B9C2-E619CA58660E}]]></GPOGuid><GPODomain><![CDATA[treyresearch.net]]></GPODomain><GPODomainGuid><![CDATA[{eec1d81e-fb6a-4aad-8469-9cbf0c84fbce}]]></GPODomainGuid><GPODomainController><![CDATA[WIN-F1GJ2LI24P0.treyresearch.net]]></GPODomainController><BackupTime><![CDATA[2018-12-31T06:09:35]]></BackupTime><ID><![CDATA[{DE948AA1-B815-4F29-BF5D-3EA19DB1103E}]]></ID><Comment><![CDATA[]]></Comment><GPODisplayName><![CDATA[*- Tier 2 PAWs MSFT Windows 10 1809 - Bitlocker]]></GPODisplayName></BackupInst><BackupInst><GPOGuid><![CDATA[{2B059581-F23A-4CA0-9321-997CE3377121}]]></GPOGuid><GPODomain><![CDATA[treyresearch.net]]></GPODomain><GPODomainGuid><![CDATA[{eec1d81e-fb6a-4aad-8469-9cbf0c84fbce}]]></GPODomainGuid><GPODomainController><![CDATA[WIN-F1GJ2LI24P0.treyresearch.net]]></GPODomainController><BackupTime><![CDATA[2018-12-31T06:09:34]]></BackupTime><ID><![CDATA[{85A21E9E-4AFC-4A2F-BD41-2C9F22F6B0E2}]]></ID><Comment><![CDATA[]]></Comment><GPODisplayName><![CDATA[*- Tier 2 PAWs Bitlocker]]></GPODisplayName></BackupInst><BackupInst><GPOGuid><![CDATA[{FA21090F-3A50-4CD2-A9E4-2B1040445C03}]]></GPOGuid><GPODomain><![CDATA[treyresearch.net]]></GPODomain><GPODomainGuid><![CDATA[{eec1d81e-fb6a-4aad-8469-9cbf0c84fbce}]]></GPODomainGuid><GPODomainController><![CDATA[WIN-F1GJ2LI24P0.treyresearch.net]]></GPODomainController><BackupTime><![CDATA[2018-12-31T06:09:34]]></BackupTime><ID><![CDATA[{C9DB2AAE-BEAA-4DA0-98B6-C2C8AF68B5FE}]]></ID><Comment><![CDATA[]]></Comment><GPODisplayName><![CDATA[*- Tier 2 PAWs MSFT Windows 10 and Server 2016 Defender - Windows 10 RS2]]></GPODisplayName></BackupInst><BackupInst><GPOGuid><![CDATA[{56E3C760-9DD1-4933-A82E-CE67B8C4DBCE}]]></GPOGuid><GPODomain><![CDATA[treyresearch.net]]></GPODomain><GPODomainGuid><![CDATA[{eec1d81e-fb6a-4aad-8469-9cbf0c84fbce}]]></GPODomainGuid><GPODomainController><![CDATA[WIN-F1GJ2LI24P0.treyresearch.net]]></GPODomainController><BackupTime><![CDATA[2018-12-31T06:09:33]]></BackupTime><ID><![CDATA[{2D7D1326-F56E-49DC-86B4-FA1597ED64BA}]]></ID><Comment><![CDATA[]]></Comment><GPODisplayName><![CDATA[*- Tier 2 PAWs MSFT Windows 10 and Server 2016 Defender Antivirus - Windows 10 RS3]]></GPODisplayName></BackupInst><BackupInst><GPOGuid><![CDATA[{0116765F-4522-4D25-B7BC-B3A05F4D94CF}]]></GPOGuid><GPODomain><![CDATA[treyresearch.net]]></GPODomain><GPODomainGuid><![CDATA[{eec1d81e-fb6a-4aad-8469-9cbf0c84fbce}]]></GPODomainGuid><GPODomainController><![CDATA[WIN-F1GJ2LI24P0.treyresearch.net]]></GPODomainController><BackupTime><![CDATA[2018-12-31T06:09:33]]></BackupTime><ID><![CDATA[{7C4BB762-CC51-4E19-8F1C-9A9D25764983}]]></ID><Comment><![CDATA[]]></Comment><GPODisplayName><![CDATA[*- Tier 2 PAWs MSFT Windows 10 and Server 2016 - Defender Antivirus - Windows 10 RS4]]></GPODisplayName></BackupInst><BackupInst><GPOGuid><![CDATA[{61ADB862-2DED-463C-8277-FA166FFA96C5}]]></GPOGuid><GPODomain><![CDATA[treyresearch.net]]></GPODomain><GPODomainGuid><![CDATA[{eec1d81e-fb6a-4aad-8469-9cbf0c84fbce}]]></GPODomainGuid><GPODomainController><![CDATA[WIN-F1GJ2LI24P0.treyresearch.net]]></GPODomainController><BackupTime><![CDATA[2018-12-31T06:09:32]]></BackupTime><ID><![CDATA[{3101B7C2-8557-4D92-900A-B2728DD2E356}]]></ID><Comment><![CDATA[]]></Comment><GPODisplayName><![CDATA[*- Tier 2 PAWs MSFT Windows 10 1809 and Server 2019 - Defender Antivirus]]></GPODisplayName></BackupInst><BackupInst><GPOGuid><![CDATA[{767B6439-B42B-419A-86B4-48790B7B16BA}]]></GPOGuid><GPODomain><![CDATA[treyresearch.net]]></GPODomain><GPODomainGuid><![CDATA[{eec1d81e-fb6a-4aad-8469-9cbf0c84fbce}]]></GPODomainGuid><GPODomainController><![CDATA[WIN-F1GJ2LI24P0.treyresearch.net]]></GPODomainController><BackupTime><![CDATA[2018-12-31T06:09:32]]></BackupTime><ID><![CDATA[{19B0AA21-A3F3-44CB-912D-905B1DD5C8EB}]]></ID><Comment><![CDATA[]]></Comment><GPODisplayName><![CDATA[*- Tier 2 PAWs MSFT Windows 10 RS2 - Computer]]></GPODisplayName></BackupInst><BackupInst><GPOGuid><![CDATA[{EC8CBF78-15CC-4E17-897B-3F07E0F58428}]]></GPOGuid><GPODomain><![CDATA[treyresearch.net]]></GPODomain><GPODomainGuid><![CDATA[{eec1d81e-fb6a-4aad-8469-9cbf0c84fbce}]]></GPODomainGuid><GPODomainController><![CDATA[WIN-F1GJ2LI24P0.treyresearch.net]]></GPODomainController><BackupTime><![CDATA[2018-12-31T06:09:31]]></BackupTime><ID><![CDATA[{4827B0FC-95E0-4B92-B1B9-0093C79C2F90}]]></ID><Comment><![CDATA[]]></Comment><GPODisplayName><![CDATA[*- Tier 2 PAWs MSFT Windows 10 RS3 - Computer]]></GPODisplayName></BackupInst><BackupInst><GPOGuid><![CDATA[{8E1AF2F2-E74A-43CA-A178-D64ED495516E}]]></GPOGuid><GPODomain><![CDATA[treyresearch.net]]></GPODomain><GPODomainGuid><![CDATA[{eec1d81e-fb6a-4aad-8469-9cbf0c84fbce}]]></GPODomainGuid><GPODomainController><![CDATA[WIN-F1GJ2LI24P0.treyresearch.net]]></GPODomainController><BackupTime><![CDATA[2018-12-31T06:09:30]]></BackupTime><ID><![CDATA[{44396676-D7DF-42DF-9F41-8E02FFFA71AD}]]></ID><Comment><![CDATA[]]></Comment><GPODisplayName><![CDATA[*- Tier 2 PAWs MSFT Windows 10 RS4 - Computer]]></GPODisplayName></BackupInst><BackupInst><GPOGuid><![CDATA[{BAC81027-35B7-4BA0-9EA3-F72783D4CC4C}]]></GPOGuid><GPODomain><![CDATA[treyresearch.net]]></GPODomain><GPODomainGuid><![CDATA[{eec1d81e-fb6a-4aad-8469-9cbf0c84fbce}]]></GPODomainGuid><GPODomainController><![CDATA[WIN-F1GJ2LI24P0.treyresearch.net]]></GPODomainController><BackupTime><![CDATA[2018-12-31T06:09:29]]></BackupTime><ID><![CDATA[{AC9C9986-49BA-4E49-AD5C-23D858199340}]]></ID><Comment><![CDATA[]]></Comment><GPODisplayName><![CDATA[*- Tier 2 PAWs MSFT Windows 10 1809 - Computer]]></GPODisplayName></BackupInst><BackupInst><GPOGuid><![CDATA[{2C03BEDF-DC08-433E-9DDC-91DB242D01E3}]]></GPOGuid><GPODomain><![CDATA[treyresearch.net]]></GPODomain><GPODomainGuid><![CDATA[{eec1d81e-fb6a-4aad-8469-9cbf0c84fbce}]]></GPODomainGuid><GPODomainController><![CDATA[WIN-F1GJ2LI24P0.treyresearch.net]]></GPODomainController><BackupTime><![CDATA[2018-12-31T06:09:29]]></BackupTime><ID><![CDATA[{1779C260-5C9D-4C01-9AA7-DB4987A8B948}]]></ID><Comment><![CDATA[]]></Comment><GPODisplayName><![CDATA[*- Tier 2 PAWs LAPS]]></GPODisplayName></BackupInst><BackupInst><GPOGuid><![CDATA[{554AFB9E-3258-4FF0-8C40-7180608FE6B8}]]></GPOGuid><GPODomain><![CDATA[treyresearch.net]]></GPODomain><GPODomainGuid><![CDATA[{eec1d81e-fb6a-4aad-8469-9cbf0c84fbce}]]></GPODomainGuid><GPODomainController><![CDATA[WIN-F1GJ2LI24P0.treyresearch.net]]></GPODomainController><BackupTime><![CDATA[2018-12-31T06:09:28]]></BackupTime><ID><![CDATA[{0853E7D2-88A0-4121-98E5-88660E90931D}]]></ID><Comment><![CDATA[]]></Comment><GPODisplayName><![CDATA[*- Tier 2 PAWs Devices Base AppLocker Audit]]></GPODisplayName></BackupInst><BackupInst><GPOGuid><![CDATA[{639F0013-C502-49D1-B9DB-74A403AC9435}]]></GPOGuid><GPODomain><![CDATA[treyresearch.net]]></GPODomain><GPODomainGuid><![CDATA[{eec1d81e-fb6a-4aad-8469-9cbf0c84fbce}]]></GPODomainGuid><GPODomainController><![CDATA[WIN-F1GJ2LI24P0.treyresearch.net]]></GPODomainController><BackupTime><![CDATA[2018-12-31T06:09:27]]></BackupTime><ID><![CDATA[{9907F89B-D08B-49CB-B58E-7DA808592B0E}]]></ID><Comment><![CDATA[]]></Comment><GPODisplayName><![CDATA[*- Tier 2 PAWs Devices Base AppLocker Enforce]]></GPODisplayName></BackupInst><BackupInst><GPOGuid><![CDATA[{B717B0B0-745C-481D-A836-45B29D7448B8}]]></GPOGuid><GPODomain><![CDATA[treyresearch.net]]></GPODomain><GPODomainGuid><![CDATA[{eec1d81e-fb6a-4aad-8469-9cbf0c84fbce}]]></GPODomainGuid><GPODomainController><![CDATA[WIN-F1GJ2LI24P0.treyresearch.net]]></GPODomainController><BackupTime><![CDATA[2018-12-31T06:09:27]]></BackupTime><ID><![CDATA[{937F0F2A-0FD2-4C9F-8C92-AC86FCF0EC75}]]></ID><Comment><![CDATA[]]></Comment><GPODisplayName><![CDATA[*- Tier 2 PAWs]]></GPODisplayName></BackupInst><BackupInst><GPOGuid><![CDATA[{1AB67B1E-89C2-472E-AADB-E5655979E45E}]]></GPOGuid><GPODomain><![CDATA[treyresearch.net]]></GPODomain><GPODomainGuid><![CDATA[{eec1d81e-fb6a-4aad-8469-9cbf0c84fbce}]]></GPODomainGuid><GPODomainController><![CDATA[WIN-F1GJ2LI24P0.treyresearch.net]]></GPODomainController><BackupTime><![CDATA[2018-12-31T06:09:26]]></BackupTime><ID><![CDATA[{C788E19A-DA49-42DC-8FDC-26473299A177}]]></ID><Comment><![CDATA[]]></Comment><GPODisplayName><![CDATA[*- Tier 2 PAWs Internet Access Configuration - User]]></GPODisplayName></BackupInst><BackupInst><GPOGuid><![CDATA[{2E016304-6D2B-4A5D-9421-A651B8079F6F}]]></GPOGuid><GPODomain><![CDATA[treyresearch.net]]></GPODomain><GPODomainGuid><![CDATA[{eec1d81e-fb6a-4aad-8469-9cbf0c84fbce}]]></GPODomainGuid><GPODomainController><![CDATA[WIN-F1GJ2LI24P0.treyresearch.net]]></GPODomainController><BackupTime><![CDATA[2018-12-31T06:09:26]]></BackupTime><ID><![CDATA[{32C4E547-093E-4A49-A96F-399568D2B222}]]></ID><Comment><![CDATA[]]></Comment><GPODisplayName><![CDATA[*- Tier 2 PAWs MSFT Internet Explorer 11 - User]]></GPODisplayName></BackupInst><BackupInst><GPOGuid><![CDATA[{7F9C5F43-5BD8-43F8-B76D-30EC757C41C1}]]></GPOGuid><GPODomain><![CDATA[treyresearch.net]]></GPODomain><GPODomainGuid><![CDATA[{eec1d81e-fb6a-4aad-8469-9cbf0c84fbce}]]></GPODomainGuid><GPODomainController><![CDATA[WIN-F1GJ2LI24P0.treyresearch.net]]></GPODomainController><BackupTime><![CDATA[2018-12-31T06:09:25]]></BackupTime><ID><![CDATA[{956B2009-CB96-4909-8BF3-9D89FCEA52C8}]]></ID><Comment><![CDATA[]]></Comment><GPODisplayName><![CDATA[*- Tier 2 PAWs MSFT Windows 10 RS2 - User]]></GPODisplayName></BackupInst><BackupInst><GPOGuid><![CDATA[{D0B5FD77-C729-4F11-90FA-DAFF5C8CA55E}]]></GPOGuid><GPODomain><![CDATA[treyresearch.net]]></GPODomain><GPODomainGuid><![CDATA[{eec1d81e-fb6a-4aad-8469-9cbf0c84fbce}]]></GPODomainGuid><GPODomainController><![CDATA[WIN-F1GJ2LI24P0.treyresearch.net]]></GPODomainController><BackupTime><![CDATA[2018-12-31T06:09:25]]></BackupTime><ID><![CDATA[{C16E52DA-1A97-465E-AD22-45AF8C1D2927}]]></ID><Comment><![CDATA[]]></Comment><GPODisplayName><![CDATA[*- Tier 2 PAWs MSFT Windows 10 RS3 - User]]></GPODisplayName></BackupInst><BackupInst><GPOGuid><![CDATA[{23D7296E-B8E6-4A9C-B138-3B2F62010F0C}]]></GPOGuid><GPODomain><![CDATA[treyresearch.net]]></GPODomain><GPODomainGuid><![CDATA[{eec1d81e-fb6a-4aad-8469-9cbf0c84fbce}]]></GPODomainGuid><GPODomainController><![CDATA[WIN-F1GJ2LI24P0.treyresearch.net]]></GPODomainController><BackupTime><![CDATA[2018-12-31T06:09:24]]></BackupTime><ID><![CDATA[{53DE6DF8-76FE-44D8-B051-53BB560C57FB}]]></ID><Comment><![CDATA[]]></Comment><GPODisplayName><![CDATA[*- Tier 2 PAWs MSFT Windows 10 RS4 - User]]></GPODisplayName></BackupInst><BackupInst><GPOGuid><![CDATA[{9552EED9-C1AF-4F82-ACD9-7C9922EC9C2F}]]></GPOGuid><GPODomain><![CDATA[treyresearch.net]]></GPODomain><GPODomainGuid><![CDATA[{eec1d81e-fb6a-4aad-8469-9cbf0c84fbce}]]></GPODomainGuid><GPODomainController><![CDATA[WIN-F1GJ2LI24P0.treyresearch.net]]></GPODomainController><BackupTime><![CDATA[2018-12-31T06:09:24]]></BackupTime><ID><![CDATA[{68B224D0-64B6-49AE-AE59-9C2FE7731624}]]></ID><Comment><![CDATA[]]></Comment><GPODisplayName><![CDATA[*- Tier 2 PAWs MSFT Windows 10 1809 - User]]></GPODisplayName></BackupInst><BackupInst><GPOGuid><![CDATA[{22AAED1B-7EBD-47E3-B4D1-38FBD2B81352}]]></GPOGuid><GPODomain><![CDATA[treyresearch.net]]></GPODomain><GPODomainGuid><![CDATA[{eec1d81e-fb6a-4aad-8469-9cbf0c84fbce}]]></GPODomainGuid><GPODomainController><![CDATA[WIN-F1GJ2LI24P0.treyresearch.net]]></GPODomainController><BackupTime><![CDATA[2018-12-31T06:09:23]]></BackupTime><ID><![CDATA[{DD68E8DE-256C-472E-8C7E-2A6B7EBE4F9F}]]></ID><Comment><![CDATA[]]></Comment><GPODisplayName><![CDATA[*- Tier 1 PAWs Telemetry Configuration]]></GPODisplayName></BackupInst><BackupInst><GPOGuid><![CDATA[{60607234-577A-48DA-AF91-EEE024DD2E20}]]></GPOGuid><GPODomain><![CDATA[treyresearch.net]]></GPODomain><GPODomainGuid><![CDATA[{eec1d81e-fb6a-4aad-8469-9cbf0c84fbce}]]></GPODomainGuid><GPODomainController><![CDATA[WIN-F1GJ2LI24P0.treyresearch.net]]></GPODomainController><BackupTime><![CDATA[2018-12-31T06:09:23]]></BackupTime><ID><![CDATA[{3090EA48-6459-46E4-B7D3-31E6C55A4D23}]]></ID><Comment><![CDATA[]]></Comment><GPODisplayName><![CDATA[*- Tier 1 PAWs MSFT Internet Explorer 11 - Computer]]></GPODisplayName></BackupInst><BackupInst><GPOGuid><![CDATA[{C66FDC84-010C-43A6-8033-A3BB1523E5CE}]]></GPOGuid><GPODomain><![CDATA[treyresearch.net]]></GPODomain><GPODomainGuid><![CDATA[{eec1d81e-fb6a-4aad-8469-9cbf0c84fbce}]]></GPODomainGuid><GPODomainController><![CDATA[WIN-F1GJ2LI24P0.treyresearch.net]]></GPODomainController><BackupTime><![CDATA[2018-12-31T06:09:22]]></BackupTime><ID><![CDATA[{FDD899DF-8313-4A4B-96E7-8FB6CF582AE8}]]></ID><Comment><![CDATA[]]></Comment><GPODisplayName><![CDATA[*- Tier 1 PAWs MSFT Windows 10 and Server 2016 - Credential Guard]]></GPODisplayName></BackupInst><BackupInst><GPOGuid><![CDATA[{1BA27D4C-7673-4E51-9589-73D6BF7B1D28}]]></GPOGuid><GPODomain><![CDATA[treyresearch.net]]></GPODomain><GPODomainGuid><![CDATA[{eec1d81e-fb6a-4aad-8469-9cbf0c84fbce}]]></GPODomainGuid><GPODomainController><![CDATA[WIN-F1GJ2LI24P0.treyresearch.net]]></GPODomainController><BackupTime><![CDATA[2018-12-31T06:09:22]]></BackupTime><ID><![CDATA[{E901C77C-D130-4E74-821F-015A9C5479B4}]]></ID><Comment><![CDATA[]]></Comment><GPODisplayName><![CDATA[*- Tier 1 PAWs MSFT Windows 10 1809 and Server 2019 Member Server - Credential Guard]]></GPODisplayName></BackupInst><BackupInst><GPOGuid><![CDATA[{376E6579-B110-459A-9F31-0073FD12D4E4}]]></GPOGuid><GPODomain><![CDATA[treyresearch.net]]></GPODomain><GPODomainGuid><![CDATA[{eec1d81e-fb6a-4aad-8469-9cbf0c84fbce}]]></GPODomainGuid><GPODomainController><![CDATA[WIN-F1GJ2LI24P0.treyresearch.net]]></GPODomainController><BackupTime><![CDATA[2018-12-31T06:09:21]]></BackupTime><ID><![CDATA[{B240ED1A-C0C6-4D8E-97FC-37C7BFAA5DC5}]]></ID><Comment><![CDATA[]]></Comment><GPODisplayName><![CDATA[*- Tier 1 PAWs MSFT Windows 10 RS2 - Bitlocker]]></GPODisplayName></BackupInst><BackupInst><GPOGuid><![CDATA[{6E510024-1357-4BC0-B05D-12E7842D8C63}]]></GPOGuid><GPODomain><![CDATA[treyresearch.net]]></GPODomain><GPODomainGuid><![CDATA[{eec1d81e-fb6a-4aad-8469-9cbf0c84fbce}]]></GPODomainGuid><GPODomainController><![CDATA[WIN-F1GJ2LI24P0.treyresearch.net]]></GPODomainController><BackupTime><![CDATA[2018-12-31T06:09:21]]></BackupTime><ID><![CDATA[{B6B16AF5-B317-4F6F-82AC-8D083069A9C1}]]></ID><Comment><![CDATA[]]></Comment><GPODisplayName><![CDATA[*- Tier 1 PAWs MSFT Windows 10 RS3 - Bitlocker]]></GPODisplayName></BackupInst><BackupInst><GPOGuid><![CDATA[{0215E10A-2B6B-4A82-9BE1-C056C63A7EAF}]]></GPOGuid><GPODomain><![CDATA[treyresearch.net]]></GPODomain><GPODomainGuid><![CDATA[{eec1d81e-fb6a-4aad-8469-9cbf0c84fbce}]]></GPODomainGuid><GPODomainController><![CDATA[WIN-F1GJ2LI24P0.treyresearch.net]]></GPODomainController><BackupTime><![CDATA[2018-12-31T06:09:20]]></BackupTime><ID><![CDATA[{8C037BC4-2846-4703-92FE-0BDED24F5508}]]></ID><Comment><![CDATA[]]></Comment><GPODisplayName><![CDATA[*- Tier 1 PAWs MSFT Windows 10 RS4 - Bitlocker]]></GPODisplayName></BackupInst><BackupInst><GPOGuid><![CDATA[{47133540-37C2-4401-A40E-4D05958CE11A}]]></GPOGuid><GPODomain><![CDATA[treyresearch.net]]></GPODomain><GPODomainGuid><![CDATA[{eec1d81e-fb6a-4aad-8469-9cbf0c84fbce}]]></GPODomainGuid><GPODomainController><![CDATA[WIN-F1GJ2LI24P0.treyresearch.net]]></GPODomainController><BackupTime><![CDATA[2018-12-31T06:09:20]]></BackupTime><ID><![CDATA[{5EA45E8B-6522-457A-80FB-37B263529D6F}]]></ID><Comment><![CDATA[]]></Comment><GPODisplayName><![CDATA[*- Tier 1 PAWs MSFT Windows 10 1809 - Bitlocker]]></GPODisplayName></BackupInst><BackupInst><GPOGuid><![CDATA[{B7A97B6A-580B-4737-9A02-F18BC2E342CB}]]></GPOGuid><GPODomain><![CDATA[treyresearch.net]]></GPODomain><GPODomainGuid><![CDATA[{eec1d81e-fb6a-4aad-8469-9cbf0c84fbce}]]></GPODomainGuid><GPODomainController><![CDATA[WIN-F1GJ2LI24P0.treyresearch.net]]></GPODomainController><BackupTime><![CDATA[2018-12-31T06:09:19]]></BackupTime><ID><![CDATA[{D9FB31D7-27CF-4E4F-8CEE-B11365EB9964}]]></ID><Comment><![CDATA[]]></Comment><GPODisplayName><![CDATA[*- Tier 1 PAWs Bitlocker]]></GPODisplayName></BackupInst><BackupInst><GPOGuid><![CDATA[{00D97CF8-8147-4B1B-99F3-F1860FD0F150}]]></GPOGuid><GPODomain><![CDATA[treyresearch.net]]></GPODomain><GPODomainGuid><![CDATA[{eec1d81e-fb6a-4aad-8469-9cbf0c84fbce}]]></GPODomainGuid><GPODomainController><![CDATA[WIN-F1GJ2LI24P0.treyresearch.net]]></GPODomainController><BackupTime><![CDATA[2018-12-31T06:09:19]]></BackupTime><ID><![CDATA[{F9676B78-6DF4-4C9B-9253-6B875D52544F}]]></ID><Comment><![CDATA[]]></Comment><GPODisplayName><![CDATA[*- Tier 1 PAWs MSFT Windows 10 and Server 2016 Defender - Windows 10 RS2]]></GPODisplayName></BackupInst><BackupInst><GPOGuid><![CDATA[{847CABE3-5135-46A0-B0B4-E82C7F9D1EAA}]]></GPOGuid><GPODomain><![CDATA[treyresearch.net]]></GPODomain><GPODomainGuid><![CDATA[{eec1d81e-fb6a-4aad-8469-9cbf0c84fbce}]]></GPODomainGuid><GPODomainController><![CDATA[WIN-F1GJ2LI24P0.treyresearch.net]]></GPODomainController><BackupTime><![CDATA[2018-12-31T06:09:18]]></BackupTime><ID><![CDATA[{8EB9EE9E-BFB2-4017-90AB-04414DD80779}]]></ID><Comment><![CDATA[]]></Comment><GPODisplayName><![CDATA[*- Tier 1 PAWs MSFT Windows 10 and Server 2016 Defender Antivirus - Windows 10 RS3]]></GPODisplayName></BackupInst><BackupInst><GPOGuid><![CDATA[{AF29EB36-6903-4D9D-81AC-07A073A25ED9}]]></GPOGuid><GPODomain><![CDATA[treyresearch.net]]></GPODomain><GPODomainGuid><![CDATA[{eec1d81e-fb6a-4aad-8469-9cbf0c84fbce}]]></GPODomainGuid><GPODomainController><![CDATA[WIN-F1GJ2LI24P0.treyresearch.net]]></GPODomainController><BackupTime><![CDATA[2018-12-31T06:09:18]]></BackupTime><ID><![CDATA[{9E5C3982-49A1-4B82-A7E6-8F1B02307327}]]></ID><Comment><![CDATA[]]></Comment><GPODisplayName><![CDATA[*- Tier 1 PAWs MSFT Windows 10 and Server 2016 - Defender Antivirus - Windows 10 RS4]]></GPODisplayName></BackupInst><BackupInst><GPOGuid><![CDATA[{4A4CFE4B-B8C1-4541-A38B-8683158D13B7}]]></GPOGuid><GPODomain><![CDATA[treyresearch.net]]></GPODomain><GPODomainGuid><![CDATA[{eec1d81e-fb6a-4aad-8469-9cbf0c84fbce}]]></GPODomainGuid><GPODomainController><![CDATA[WIN-F1GJ2LI24P0.treyresearch.net]]></GPODomainController><BackupTime><![CDATA[2018-12-31T06:09:17]]></BackupTime><ID><![CDATA[{22FB4EDF-2DBC-49C7-B00F-DFC9A6CB4249}]]></ID><Comment><![CDATA[]]></Comment><GPODisplayName><![CDATA[*- Tier 1 PAWs MSFT Windows 10 1809 and Server 2019 - Defender Antivirus]]></GPODisplayName></BackupInst><BackupInst><GPOGuid><![CDATA[{6DE883A1-2C42-45B2-98FE-D853C4F4A6E0}]]></GPOGuid><GPODomain><![CDATA[treyresearch.net]]></GPODomain><GPODomainGuid><![CDATA[{eec1d81e-fb6a-4aad-8469-9cbf0c84fbce}]]></GPODomainGuid><GPODomainController><![CDATA[WIN-F1GJ2LI24P0.treyresearch.net]]></GPODomainController><BackupTime><![CDATA[2018-12-31T06:09:17]]></BackupTime><ID><![CDATA[{8D807420-63BA-41DF-BD11-3E7EE368A035}]]></ID><Comment><![CDATA[]]></Comment><GPODisplayName><![CDATA[*- Tier 1 PAWs MSFT Windows 10 RS2 - Computer]]></GPODisplayName></BackupInst><BackupInst><GPOGuid><![CDATA[{7546FBF6-9A2D-4AC7-9845-8F1183F12079}]]></GPOGuid><GPODomain><![CDATA[treyresearch.net]]></GPODomain><GPODomainGuid><![CDATA[{eec1d81e-fb6a-4aad-8469-9cbf0c84fbce}]]></GPODomainGuid><GPODomainController><![CDATA[WIN-F1GJ2LI24P0.treyresearch.net]]></GPODomainController><BackupTime><![CDATA[2018-12-31T06:09:16]]></BackupTime><ID><![CDATA[{0D122B1C-EB4D-4B1B-9C50-5706E4299C10}]]></ID><Comment><![CDATA[]]></Comment><GPODisplayName><![CDATA[*- Tier 1 PAWs MSFT Windows 10 RS3 - Computer]]></GPODisplayName></BackupInst><BackupInst><GPOGuid><![CDATA[{ABCA9E2E-04FD-49B2-B29B-67739670356F}]]></GPOGuid><GPODomain><![CDATA[treyresearch.net]]></GPODomain><GPODomainGuid><![CDATA[{eec1d81e-fb6a-4aad-8469-9cbf0c84fbce}]]></GPODomainGuid><GPODomainController><![CDATA[WIN-F1GJ2LI24P0.treyresearch.net]]></GPODomainController><BackupTime><![CDATA[2018-12-31T06:09:15]]></BackupTime><ID><![CDATA[{2C3972FC-4FA3-4F99-B9DD-FD9E656003F8}]]></ID><Comment><![CDATA[]]></Comment><GPODisplayName><![CDATA[*- Tier 1 PAWs MSFT Windows 10 RS4 - Computer]]></GPODisplayName></BackupInst><BackupInst><GPOGuid><![CDATA[{D0DDA4B5-0166-428F-8E50-9D71D5356196}]]></GPOGuid><GPODomain><![CDATA[treyresearch.net]]></GPODomain><GPODomainGuid><![CDATA[{eec1d81e-fb6a-4aad-8469-9cbf0c84fbce}]]></GPODomainGuid><GPODomainController><![CDATA[WIN-F1GJ2LI24P0.treyresearch.net]]></GPODomainController><BackupTime><![CDATA[2018-12-31T06:09:14]]></BackupTime><ID><![CDATA[{AE48BBBA-3EB3-40EA-9454-B472D6B0BEA1}]]></ID><Comment><![CDATA[]]></Comment><GPODisplayName><![CDATA[*- Tier 1 PAWs MSFT Windows 10 1809 - Computer]]></GPODisplayName></BackupInst><BackupInst><GPOGuid><![CDATA[{A01192D2-9A63-42A5-AD13-FA141F91CC72}]]></GPOGuid><GPODomain><![CDATA[treyresearch.net]]></GPODomain><GPODomainGuid><![CDATA[{eec1d81e-fb6a-4aad-8469-9cbf0c84fbce}]]></GPODomainGuid><GPODomainController><![CDATA[WIN-F1GJ2LI24P0.treyresearch.net]]></GPODomainController><BackupTime><![CDATA[2018-12-31T06:09:14]]></BackupTime><ID><![CDATA[{CEBF9616-CE19-453F-89E5-32211FC620B0}]]></ID><Comment><![CDATA[]]></Comment><GPODisplayName><![CDATA[*- Tier 1 PAWs LAPS]]></GPODisplayName></BackupInst><BackupInst><GPOGuid><![CDATA[{966E83F0-3A02-4B18-8D3C-2D345A584332}]]></GPOGuid><GPODomain><![CDATA[treyresearch.net]]></GPODomain><GPODomainGuid><![CDATA[{eec1d81e-fb6a-4aad-8469-9cbf0c84fbce}]]></GPODomainGuid><GPODomainController><![CDATA[WIN-F1GJ2LI24P0.treyresearch.net]]></GPODomainController><BackupTime><![CDATA[2018-12-31T06:09:13]]></BackupTime><ID><![CDATA[{6E7DB013-A15B-4040-B6D4-3EFD7E5017DA}]]></ID><Comment><![CDATA[]]></Comment><GPODisplayName><![CDATA[*- Tier 1 PAWs Devices Base AppLocker Audit]]></GPODisplayName></BackupInst><BackupInst><GPOGuid><![CDATA[{7D2E3887-2D46-49FA-BFEC-EE04787D1288}]]></GPOGuid><GPODomain><![CDATA[treyresearch.net]]></GPODomain><GPODomainGuid><![CDATA[{eec1d81e-fb6a-4aad-8469-9cbf0c84fbce}]]></GPODomainGuid><GPODomainController><![CDATA[WIN-F1GJ2LI24P0.treyresearch.net]]></GPODomainController><BackupTime><![CDATA[2018-12-31T06:09:12]]></BackupTime><ID><![CDATA[{527D749B-0DD7-4EA5-809F-7C9020F2857C}]]></ID><Comment><![CDATA[]]></Comment><GPODisplayName><![CDATA[*- Tier 1 PAWs Devices Base AppLocker Enforce]]></GPODisplayName></BackupInst><BackupInst><GPOGuid><![CDATA[{F42A9317-DBC6-4968-B11F-0F9CE4F337D0}]]></GPOGuid><GPODomain><![CDATA[treyresearch.net]]></GPODomain><GPODomainGuid><![CDATA[{eec1d81e-fb6a-4aad-8469-9cbf0c84fbce}]]></GPODomainGuid><GPODomainController><![CDATA[WIN-F1GJ2LI24P0.treyresearch.net]]></GPODomainController><BackupTime><![CDATA[2018-12-31T06:09:11]]></BackupTime><ID><![CDATA[{8FB4FF53-9296-4D3F-B99C-3E53455BBE62}]]></ID><Comment><![CDATA[]]></Comment><GPODisplayName><![CDATA[*- Tier 1 PAWs]]></GPODisplayName></BackupInst><BackupInst><GPOGuid><![CDATA[{BCA58661-7BD4-4E71-8F51-A3B9832E1266}]]></GPOGuid><GPODomain><![CDATA[treyresearch.net]]></GPODomain><GPODomainGuid><![CDATA[{eec1d81e-fb6a-4aad-8469-9cbf0c84fbce}]]></GPODomainGuid><GPODomainController><![CDATA[WIN-F1GJ2LI24P0.treyresearch.net]]></GPODomainController><BackupTime><![CDATA[2018-12-31T06:09:10]]></BackupTime><ID><![CDATA[{D96C818D-1D79-436C-BC0D-D40C969AE1FC}]]></ID><Comment><![CDATA[]]></Comment><GPODisplayName><![CDATA[*- Tier 1 PAWs Internet Access Configuration - User]]></GPODisplayName></BackupInst><BackupInst><GPOGuid><![CDATA[{640047CB-78E5-457F-B80B-1E88EB953600}]]></GPOGuid><GPODomain><![CDATA[treyresearch.net]]></GPODomain><GPODomainGuid><![CDATA[{eec1d81e-fb6a-4aad-8469-9cbf0c84fbce}]]></GPODomainGuid><GPODomainController><![CDATA[WIN-F1GJ2LI24P0.treyresearch.net]]></GPODomainController><BackupTime><![CDATA[2018-12-31T06:09:10]]></BackupTime><ID><![CDATA[{1AD59B6C-D4F7-4C35-9C42-21CF0D61F8AD}]]></ID><Comment><![CDATA[]]></Comment><GPODisplayName><![CDATA[*- Tier 1 PAWs MSFT Internet Explorer 11 - User]]></GPODisplayName></BackupInst><BackupInst><GPOGuid><![CDATA[{BFFAE1DC-FB57-4185-9196-15E65A34B812}]]></GPOGuid><GPODomain><![CDATA[treyresearch.net]]></GPODomain><GPODomainGuid><![CDATA[{eec1d81e-fb6a-4aad-8469-9cbf0c84fbce}]]></GPODomainGuid><GPODomainController><![CDATA[WIN-F1GJ2LI24P0.treyresearch.net]]></GPODomainController><BackupTime><![CDATA[2018-12-31T06:09:09]]></BackupTime><ID><![CDATA[{CE864ACC-32E0-40F8-B026-20DFDAE6EF02}]]></ID><Comment><![CDATA[]]></Comment><GPODisplayName><![CDATA[*- Tier 1 PAWs MSFT Windows 10 RS2 - User]]></GPODisplayName></BackupInst><BackupInst><GPOGuid><![CDATA[{DA2B3A30-76BF-46C9-979E-630D2C9D5284}]]></GPOGuid><GPODomain><![CDATA[treyresearch.net]]></GPODomain><GPODomainGuid><![CDATA[{eec1d81e-fb6a-4aad-8469-9cbf0c84fbce}]]></GPODomainGuid><GPODomainController><![CDATA[WIN-F1GJ2LI24P0.treyresearch.net]]></GPODomainController><BackupTime><![CDATA[2018-12-31T06:09:09]]></BackupTime><ID><![CDATA[{5EFC2AD6-E4A7-405A-8260-A79626F7AF95}]]></ID><Comment><![CDATA[]]></Comment><GPODisplayName><![CDATA[*- Tier 1 PAWs MSFT Windows 10 RS3 - User]]></GPODisplayName></BackupInst><BackupInst><GPOGuid><![CDATA[{8686F691-2390-4434-B35E-52F55E339F12}]]></GPOGuid><GPODomain><![CDATA[treyresearch.net]]></GPODomain><GPODomainGuid><![CDATA[{eec1d81e-fb6a-4aad-8469-9cbf0c84fbce}]]></GPODomainGuid><GPODomainController><![CDATA[WIN-F1GJ2LI24P0.treyresearch.net]]></GPODomainController><BackupTime><![CDATA[2018-12-31T06:09:08]]></BackupTime><ID><![CDATA[{9CBB4E68-6C2B-4F06-9EFE-AF58A8FB5F3A}]]></ID><Comment><![CDATA[]]></Comment><GPODisplayName><![CDATA[*- Tier 1 PAWs MSFT Windows 10 RS4 - User]]></GPODisplayName></BackupInst><BackupInst><GPOGuid><![CDATA[{814C0716-DDF9-45DC-9778-853629C33700}]]></GPOGuid><GPODomain><![CDATA[treyresearch.net]]></GPODomain><GPODomainGuid><![CDATA[{eec1d81e-fb6a-4aad-8469-9cbf0c84fbce}]]></GPODomainGuid><GPODomainController><![CDATA[WIN-F1GJ2LI24P0.treyresearch.net]]></GPODomainController><BackupTime><![CDATA[2018-12-31T06:09:08]]></BackupTime><ID><![CDATA[{957CADE1-0B95-4C7B-8E56-0196E44B7CEE}]]></ID><Comment><![CDATA[]]></Comment><GPODisplayName><![CDATA[*- Tier 1 PAWs MSFT Windows 10 1809 - User]]></GPODisplayName></BackupInst><BackupInst><GPOGuid><![CDATA[{D3C88351-1365-48A6-8A1F-BD31CDB8152B}]]></GPOGuid><GPODomain><![CDATA[treyresearch.net]]></GPODomain><GPODomainGuid><![CDATA[{eec1d81e-fb6a-4aad-8469-9cbf0c84fbce}]]></GPODomainGuid><GPODomainController><![CDATA[WIN-F1GJ2LI24P0.treyresearch.net]]></GPODomainController><BackupTime><![CDATA[2018-12-31T06:09:08]]></BackupTime><ID><![CDATA[{CEA13623-E681-4790-8434-C5E638615A68}]]></ID><Comment><![CDATA[]]></Comment><GPODisplayName><![CDATA[*- Tier 0 Servers MSFT Windows 10 and Server 2016 - Credential Guard]]></GPODisplayName></BackupInst><BackupInst><GPOGuid><![CDATA[{06F1697C-1202-4624-B3A6-85D553272B71}]]></GPOGuid><GPODomain><![CDATA[treyresearch.net]]></GPODomain><GPODomainGuid><![CDATA[{eec1d81e-fb6a-4aad-8469-9cbf0c84fbce}]]></GPODomainGuid><GPODomainController><![CDATA[WIN-F1GJ2LI24P0.treyresearch.net]]></GPODomainController><BackupTime><![CDATA[2018-12-31T06:09:07]]></BackupTime><ID><![CDATA[{2ECBE7C7-5145-4E9F-8E50-D3AC17192344}]]></ID><Comment><![CDATA[]]></Comment><GPODisplayName><![CDATA[*- Tier 0 Servers SCM Windows Server 2016 - Member Server Baseline - User]]></GPODisplayName></BackupInst><BackupInst><GPOGuid><![CDATA[{35A8F502-0D8B-45E4-B146-6E625F5F2C0F}]]></GPOGuid><GPODomain><![CDATA[treyresearch.net]]></GPODomain><GPODomainGuid><![CDATA[{eec1d81e-fb6a-4aad-8469-9cbf0c84fbce}]]></GPODomainGuid><GPODomainController><![CDATA[WIN-F1GJ2LI24P0.treyresearch.net]]></GPODomainController><BackupTime><![CDATA[2018-12-31T06:09:06]]></BackupTime><ID><![CDATA[{9B210144-1FB6-4164-8A6D-366B932B5CE5}]]></ID><Comment><![CDATA[]]></Comment><GPODisplayName><![CDATA[*- Tier 0 Servers SCM Windows Server 2016 - Member Server Baseline - Computer]]></GPODisplayName></BackupInst><BackupInst><GPOGuid><![CDATA[{C84F02C5-3398-4181-BDDF-76C73D441F29}]]></GPOGuid><GPODomain><![CDATA[treyresearch.net]]></GPODomain><GPODomainGuid><![CDATA[{eec1d81e-fb6a-4aad-8469-9cbf0c84fbce}]]></GPODomainGuid><GPODomainController><![CDATA[WIN-F1GJ2LI24P0.treyresearch.net]]></GPODomainController><BackupTime><![CDATA[2018-12-31T06:09:05]]></BackupTime><ID><![CDATA[{DCC91CDA-B55E-41D9-BAE0-D324926FA818}]]></ID><Comment><![CDATA[]]></Comment><GPODisplayName><![CDATA[*- Tier 0 Servers MSFT Windows Server 2012 R2 Member Server Baseline]]></GPODisplayName></BackupInst><BackupInst><GPOGuid><![CDATA[{63AF9CF5-377C-4015-8306-AFCD0D85B258}]]></GPOGuid><GPODomain><![CDATA[treyresearch.net]]></GPODomain><GPODomainGuid><![CDATA[{eec1d81e-fb6a-4aad-8469-9cbf0c84fbce}]]></GPODomainGuid><GPODomainController><![CDATA[WIN-F1GJ2LI24P0.treyresearch.net]]></GPODomainController><BackupTime><![CDATA[2018-12-31T06:09:05]]></BackupTime><ID><![CDATA[{D3AEA6BD-9A52-43E2-B3BE-33CE150E6DE5}]]></ID><Comment><![CDATA[]]></Comment><GPODisplayName><![CDATA[*- Tier 0 Servers LAPS]]></GPODisplayName></BackupInst><BackupInst><GPOGuid><![CDATA[{E47453BB-8919-4E65-BE46-A4B01FFDCD3C}]]></GPOGuid><GPODomain><![CDATA[treyresearch.net]]></GPODomain><GPODomainGuid><![CDATA[{eec1d81e-fb6a-4aad-8469-9cbf0c84fbce}]]></GPODomainGuid><GPODomainController><![CDATA[WIN-F1GJ2LI24P0.treyresearch.net]]></GPODomainController><BackupTime><![CDATA[2018-12-31T06:09:05]]></BackupTime><ID><![CDATA[{B0B98AA7-1CA9-4FAE-AAAB-0D2268DEE255}]]></ID><Comment><![CDATA[]]></Comment><GPODisplayName><![CDATA[*- Tier 0 Servers MSFT Windows 10 and Server 2016 Defender]]></GPODisplayName></BackupInst><BackupInst><GPOGuid><![CDATA[{4DB422A9-54D6-4CC8-B9F8-F9B471EC1C6E}]]></GPOGuid><GPODomain><![CDATA[treyresearch.net]]></GPODomain><GPODomainGuid><![CDATA[{eec1d81e-fb6a-4aad-8469-9cbf0c84fbce}]]></GPODomainGuid><GPODomainController><![CDATA[WIN-F1GJ2LI24P0.treyresearch.net]]></GPODomainController><BackupTime><![CDATA[2018-12-31T06:09:04]]></BackupTime><ID><![CDATA[{2A7688D8-2836-4295-919D-C3B7B4344357}]]></ID><Comment><![CDATA[]]></Comment><GPODisplayName><![CDATA[*- Tier 0 Servers]]></GPODisplayName></BackupInst><BackupInst><GPOGuid><![CDATA[{ACE6FB4A-C6D3-43B8-9F81-13A8CA873F2A}]]></GPOGuid><GPODomain><![CDATA[treyresearch.net]]></GPODomain><GPODomainGuid><![CDATA[{eec1d81e-fb6a-4aad-8469-9cbf0c84fbce}]]></GPODomainGuid><GPODomainController><![CDATA[WIN-F1GJ2LI24P0.treyresearch.net]]></GPODomainController><BackupTime><![CDATA[2018-12-31T06:09:04]]></BackupTime><ID><![CDATA[{4500F18B-CCA1-40B7-8D7D-D14E69BD1648}]]></ID><Comment><![CDATA[]]></Comment><GPODisplayName><![CDATA[*- Tier 0 PAWs Telemetry Configuration]]></GPODisplayName></BackupInst><BackupInst><GPOGuid><![CDATA[{54615935-41DC-4F91-870A-07E17DCB1B1D}]]></GPOGuid><GPODomain><![CDATA[treyresearch.net]]></GPODomain><GPODomainGuid><![CDATA[{eec1d81e-fb6a-4aad-8469-9cbf0c84fbce}]]></GPODomainGuid><GPODomainController><![CDATA[WIN-F1GJ2LI24P0.treyresearch.net]]></GPODomainController><BackupTime><![CDATA[2018-12-31T06:09:03]]></BackupTime><ID><![CDATA[{B39A6F83-4120-4172-9A62-E69216DB3E1B}]]></ID><Comment><![CDATA[]]></Comment><GPODisplayName><![CDATA[*- Tier 0 PAWs MSFT Internet Explorer 11 - Computer]]></GPODisplayName></BackupInst><BackupInst><GPOGuid><![CDATA[{A36BBAA8-1190-484D-A4FA-E57D84BE26CF}]]></GPOGuid><GPODomain><![CDATA[treyresearch.net]]></GPODomain><GPODomainGuid><![CDATA[{eec1d81e-fb6a-4aad-8469-9cbf0c84fbce}]]></GPODomainGuid><GPODomainController><![CDATA[WIN-F1GJ2LI24P0.treyresearch.net]]></GPODomainController><BackupTime><![CDATA[2018-12-31T06:09:03]]></BackupTime><ID><![CDATA[{EED58D5F-3480-4279-B75B-B47E206ADC53}]]></ID><Comment><![CDATA[]]></Comment><GPODisplayName><![CDATA[*- Tier 0 PAWs MSFT Windows 10 and Server 2016 - Credential Guard]]></GPODisplayName></BackupInst><BackupInst><GPOGuid><![CDATA[{48BFC23D-1D34-4A7C-AB5B-DC6723FB58B1}]]></GPOGuid><GPODomain><![CDATA[treyresearch.net]]></GPODomain><GPODomainGuid><![CDATA[{eec1d81e-fb6a-4aad-8469-9cbf0c84fbce}]]></GPODomainGuid><GPODomainController><![CDATA[WIN-F1GJ2LI24P0.treyresearch.net]]></GPODomainController><BackupTime><![CDATA[2018-12-31T06:09:02]]></BackupTime><ID><![CDATA[{28E5A402-27C7-4891-9727-1BBC37B578FE}]]></ID><Comment><![CDATA[]]></Comment><GPODisplayName><![CDATA[*- Tier 0 PAWs MSFT Windows 10 1809 and Server 2019 Member Server - Credential Guard]]></GPODisplayName></BackupInst><BackupInst><GPOGuid><![CDATA[{CEF4F619-9374-4F99-9EC0-9F391D56D3CE}]]></GPOGuid><GPODomain><![CDATA[treyresearch.net]]></GPODomain><GPODomainGuid><![CDATA[{eec1d81e-fb6a-4aad-8469-9cbf0c84fbce}]]></GPODomainGuid><GPODomainController><![CDATA[WIN-F1GJ2LI24P0.treyresearch.net]]></GPODomainController><BackupTime><![CDATA[2018-12-31T06:09:01]]></BackupTime><ID><![CDATA[{8C21965E-414B-44C2-8ED1-96EB609000B4}]]></ID><Comment><![CDATA[]]></Comment><GPODisplayName><![CDATA[*- Tier 0 PAWs MSFT Windows 10 RS2 - Bitlocker]]></GPODisplayName></BackupInst><BackupInst><GPOGuid><![CDATA[{4ECFEE14-C544-4E2C-AE6F-6DAAA906132B}]]></GPOGuid><GPODomain><![CDATA[treyresearch.net]]></GPODomain><GPODomainGuid><![CDATA[{eec1d81e-fb6a-4aad-8469-9cbf0c84fbce}]]></GPODomainGuid><GPODomainController><![CDATA[WIN-F1GJ2LI24P0.treyresearch.net]]></GPODomainController><BackupTime><![CDATA[2018-12-31T06:09:01]]></BackupTime><ID><![CDATA[{16582129-3FE8-458E-9CE8-6DFEEEFEB0D8}]]></ID><Comment><![CDATA[]]></Comment><GPODisplayName><![CDATA[*- Tier 0 PAWs MSFT Windows 10 RS3 - Bitlocker]]></GPODisplayName></BackupInst><BackupInst><GPOGuid><![CDATA[{4531494A-3D8C-4C6F-B5A4-712CAC808902}]]></GPOGuid><GPODomain><![CDATA[treyresearch.net]]></GPODomain><GPODomainGuid><![CDATA[{eec1d81e-fb6a-4aad-8469-9cbf0c84fbce}]]></GPODomainGuid><GPODomainController><![CDATA[WIN-F1GJ2LI24P0.treyresearch.net]]></GPODomainController><BackupTime><![CDATA[2018-12-31T06:09:00]]></BackupTime><ID><![CDATA[{C49EBB1B-E70E-41CA-BF09-3A49D9511129}]]></ID><Comment><![CDATA[]]></Comment><GPODisplayName><![CDATA[*- Tier 0 PAWs MSFT Windows 10 RS4 - Bitlocker]]></GPODisplayName></BackupInst><BackupInst><GPOGuid><![CDATA[{0407FA54-F508-466C-9437-2B1CE5CEA109}]]></GPOGuid><GPODomain><![CDATA[treyresearch.net]]></GPODomain><GPODomainGuid><![CDATA[{eec1d81e-fb6a-4aad-8469-9cbf0c84fbce}]]></GPODomainGuid><GPODomainController><![CDATA[WIN-F1GJ2LI24P0.treyresearch.net]]></GPODomainController><BackupTime><![CDATA[2018-12-31T06:09:00]]></BackupTime><ID><![CDATA[{E62761C1-A490-4EB8-9825-C43EF5A4EF52}]]></ID><Comment><![CDATA[]]></Comment><GPODisplayName><![CDATA[*- Tier 0 PAWs MSFT Windows 10 1809 - Bitlocker]]></GPODisplayName></BackupInst><BackupInst><GPOGuid><![CDATA[{B9754675-95F3-4762-BAFA-A1FDA6685DB2}]]></GPOGuid><GPODomain><![CDATA[treyresearch.net]]></GPODomain><GPODomainGuid><![CDATA[{eec1d81e-fb6a-4aad-8469-9cbf0c84fbce}]]></GPODomainGuid><GPODomainController><![CDATA[WIN-F1GJ2LI24P0.treyresearch.net]]></GPODomainController><BackupTime><![CDATA[2018-12-31T06:08:59]]></BackupTime><ID><![CDATA[{61B43C79-7491-40FB-BFCF-1645296E2A22}]]></ID><Comment><![CDATA[]]></Comment><GPODisplayName><![CDATA[*- Tier 0 PAWs Bitlocker]]></GPODisplayName></BackupInst><BackupInst><GPOGuid><![CDATA[{59808BB2-7210-4298-8DD1-9358405AFB1C}]]></GPOGuid><GPODomain><![CDATA[treyresearch.net]]></GPODomain><GPODomainGuid><![CDATA[{eec1d81e-fb6a-4aad-8469-9cbf0c84fbce}]]></GPODomainGuid><GPODomainController><![CDATA[WIN-F1GJ2LI24P0.treyresearch.net]]></GPODomainController><BackupTime><![CDATA[2018-12-31T06:08:59]]></BackupTime><ID><![CDATA[{B4E6C17B-67F3-4106-8CD2-BFCD8ADF1D5A}]]></ID><Comment><![CDATA[]]></Comment><GPODisplayName><![CDATA[*- Tier 0 PAWs MSFT Windows 10 and Server 2016 Defender - Windows 10 RS2]]></GPODisplayName></BackupInst><BackupInst><GPOGuid><![CDATA[{1D5653CD-9DD0-4C1E-A288-6DB26596F9F9}]]></GPOGuid><GPODomain><![CDATA[treyresearch.net]]></GPODomain><GPODomainGuid><![CDATA[{eec1d81e-fb6a-4aad-8469-9cbf0c84fbce}]]></GPODomainGuid><GPODomainController><![CDATA[WIN-F1GJ2LI24P0.treyresearch.net]]></GPODomainController><BackupTime><![CDATA[2018-12-31T06:08:58]]></BackupTime><ID><![CDATA[{EDC5C608-AC40-4958-B233-187E791DF909}]]></ID><Comment><![CDATA[]]></Comment><GPODisplayName><![CDATA[*- Tier 0 PAWs MSFT Windows 10 and Server 2016 Defender Antivirus - Windows 10 RS3]]></GPODisplayName></BackupInst><BackupInst><GPOGuid><![CDATA[{EEE710DC-88E4-4B60-8FD1-DF03B394CE35}]]></GPOGuid><GPODomain><![CDATA[treyresearch.net]]></GPODomain><GPODomainGuid><![CDATA[{eec1d81e-fb6a-4aad-8469-9cbf0c84fbce}]]></GPODomainGuid><GPODomainController><![CDATA[WIN-F1GJ2LI24P0.treyresearch.net]]></GPODomainController><BackupTime><![CDATA[2018-12-31T06:08:58]]></BackupTime><ID><![CDATA[{E2A7C102-29B5-4FAF-B8D9-89BD59643499}]]></ID><Comment><![CDATA[]]></Comment><GPODisplayName><![CDATA[*- Tier 0 PAWs MSFT Windows 10 and Server 2016 - Defender Antivirus - Windows 10 RS4]]></GPODisplayName></BackupInst><BackupInst><GPOGuid><![CDATA[{CB577A5D-AA77-41CA-990E-485D5003147A}]]></GPOGuid><GPODomain><![CDATA[treyresearch.net]]></GPODomain><GPODomainGuid><![CDATA[{eec1d81e-fb6a-4aad-8469-9cbf0c84fbce}]]></GPODomainGuid><GPODomainController><![CDATA[WIN-F1GJ2LI24P0.treyresearch.net]]></GPODomainController><BackupTime><![CDATA[2018-12-31T06:08:57]]></BackupTime><ID><![CDATA[{848976F3-4707-49A0-8919-A1D371014C2A}]]></ID><Comment><![CDATA[]]></Comment><GPODisplayName><![CDATA[*- Tier 0 PAWs MSFT Windows 10 1809 and Server 2019 - Defender Antivirus]]></GPODisplayName></BackupInst><BackupInst><GPOGuid><![CDATA[{1C51E9D4-23B5-4BE6-B344-178443C5ECF2}]]></GPOGuid><GPODomain><![CDATA[treyresearch.net]]></GPODomain><GPODomainGuid><![CDATA[{eec1d81e-fb6a-4aad-8469-9cbf0c84fbce}]]></GPODomainGuid><GPODomainController><![CDATA[WIN-F1GJ2LI24P0.treyresearch.net]]></GPODomainController><BackupTime><![CDATA[2018-12-31T06:08:57]]></BackupTime><ID><![CDATA[{B562C7E6-A735-4175-90B6-0EFDEC98A5B2}]]></ID><Comment><![CDATA[]]></Comment><GPODisplayName><![CDATA[*- Tier 0 PAWs MSFT Windows 10 RS2 - Computer]]></GPODisplayName></BackupInst><BackupInst><GPOGuid><![CDATA[{63AD88D8-747D-430D-AE97-2D567A558BB8}]]></GPOGuid><GPODomain><![CDATA[treyresearch.net]]></GPODomain><GPODomainGuid><![CDATA[{eec1d81e-fb6a-4aad-8469-9cbf0c84fbce}]]></GPODomainGuid><GPODomainController><![CDATA[WIN-F1GJ2LI24P0.treyresearch.net]]></GPODomainController><BackupTime><![CDATA[2018-12-31T06:08:56]]></BackupTime><ID><![CDATA[{D8BC77CE-4C8D-4AE1-B18E-E6E1416DE6CC}]]></ID><Comment><![CDATA[]]></Comment><GPODisplayName><![CDATA[*- Tier 0 PAWs MSFT Windows 10 RS3 - Computer]]></GPODisplayName></BackupInst><BackupInst><GPOGuid><![CDATA[{95F08443-2DEA-4173-9BAE-BAE9876E9858}]]></GPOGuid><GPODomain><![CDATA[treyresearch.net]]></GPODomain><GPODomainGuid><![CDATA[{eec1d81e-fb6a-4aad-8469-9cbf0c84fbce}]]></GPODomainGuid><GPODomainController><![CDATA[WIN-F1GJ2LI24P0.treyresearch.net]]></GPODomainController><BackupTime><![CDATA[2018-12-31T06:08:55]]></BackupTime><ID><![CDATA[{F11D56AB-D919-443F-BAE5-9167686F85BE}]]></ID><Comment><![CDATA[]]></Comment><GPODisplayName><![CDATA[*- Tier 0 PAWs MSFT Windows 10 RS4 - Computer]]></GPODisplayName></BackupInst><BackupInst><GPOGuid><![CDATA[{114DF537-5E64-4106-A5AB-9C54813EA58D}]]></GPOGuid><GPODomain><![CDATA[treyresearch.net]]></GPODomain><GPODomainGuid><![CDATA[{eec1d81e-fb6a-4aad-8469-9cbf0c84fbce}]]></GPODomainGuid><GPODomainController><![CDATA[WIN-F1GJ2LI24P0.treyresearch.net]]></GPODomainController><BackupTime><![CDATA[2018-12-31T06:08:54]]></BackupTime><ID><![CDATA[{B7CF92B3-B226-441E-A72C-B53BB737639F}]]></ID><Comment><![CDATA[]]></Comment><GPODisplayName><![CDATA[*- Tier 0 PAWs MSFT Windows 10 1809 - Computer]]></GPODisplayName></BackupInst><BackupInst><GPOGuid><![CDATA[{BE510611-3AFD-434A-9010-7B043E8B0006}]]></GPOGuid><GPODomain><![CDATA[treyresearch.net]]></GPODomain><GPODomainGuid><![CDATA[{eec1d81e-fb6a-4aad-8469-9cbf0c84fbce}]]></GPODomainGuid><GPODomainController><![CDATA[WIN-F1GJ2LI24P0.treyresearch.net]]></GPODomainController><BackupTime><![CDATA[2018-12-31T06:08:54]]></BackupTime><ID><![CDATA[{B3906702-05C0-4740-95CB-BE4BCB3CB51E}]]></ID><Comment><![CDATA[]]></Comment><GPODisplayName><![CDATA[*- Tier 0 PAWs LAPS]]></GPODisplayName></BackupInst><BackupInst><GPOGuid><![CDATA[{87191F6B-410C-4584-A041-1DBD2169CAEB}]]></GPOGuid><GPODomain><![CDATA[treyresearch.net]]></GPODomain><GPODomainGuid><![CDATA[{eec1d81e-fb6a-4aad-8469-9cbf0c84fbce}]]></GPODomainGuid><GPODomainController><![CDATA[WIN-F1GJ2LI24P0.treyresearch.net]]></GPODomainController><BackupTime><![CDATA[2018-12-31T06:08:53]]></BackupTime><ID><![CDATA[{02E5145E-2F2E-4165-A67C-230558E8C618}]]></ID><Comment><![CDATA[]]></Comment><GPODisplayName><![CDATA[*- Tier 0 PAWs Devices Base AppLocker Audit]]></GPODisplayName></BackupInst><BackupInst><GPOGuid><![CDATA[{B3BDF9D6-5AC2-4B12-B22E-7EAFE92E6DE9}]]></GPOGuid><GPODomain><![CDATA[treyresearch.net]]></GPODomain><GPODomainGuid><![CDATA[{eec1d81e-fb6a-4aad-8469-9cbf0c84fbce}]]></GPODomainGuid><GPODomainController><![CDATA[WIN-F1GJ2LI24P0.treyresearch.net]]></GPODomainController><BackupTime><![CDATA[2018-12-31T06:08:52]]></BackupTime><ID><![CDATA[{B0F931FC-1F36-413B-A7BC-33D73C6CF9C9}]]></ID><Comment><![CDATA[]]></Comment><GPODisplayName><![CDATA[*- Tier 0 PAWs Devices Base AppLocker Enforce]]></GPODisplayName></BackupInst><BackupInst><GPOGuid><![CDATA[{737EC53E-E304-4459-8143-D91697EDF1B2}]]></GPOGuid><GPODomain><![CDATA[treyresearch.net]]></GPODomain><GPODomainGuid><![CDATA[{eec1d81e-fb6a-4aad-8469-9cbf0c84fbce}]]></GPODomainGuid><GPODomainController><![CDATA[WIN-F1GJ2LI24P0.treyresearch.net]]></GPODomainController><BackupTime><![CDATA[2018-12-31T06:08:52]]></BackupTime><ID><![CDATA[{A7A94254-9DBB-4289-84BA-E24B0905F704}]]></ID><Comment><![CDATA[]]></Comment><GPODisplayName><![CDATA[*- Tier 0 PAWs Admin]]></GPODisplayName></BackupInst><BackupInst><GPOGuid><![CDATA[{8AA1169B-789C-4F43-8EF4-1C7FE1EB5064}]]></GPOGuid><GPODomain><![CDATA[treyresearch.net]]></GPODomain><GPODomainGuid><![CDATA[{eec1d81e-fb6a-4aad-8469-9cbf0c84fbce}]]></GPODomainGuid><GPODomainController><![CDATA[WIN-F1GJ2LI24P0.treyresearch.net]]></GPODomainController><BackupTime><![CDATA[2018-12-31T06:08:51]]></BackupTime><ID><![CDATA[{7A4E1186-8A88-44F5-9829-2CDA96F5772F}]]></ID><Comment><![CDATA[]]></Comment><GPODisplayName><![CDATA[*- Tier 0 PAWs]]></GPODisplayName></BackupInst><BackupInst><GPOGuid><![CDATA[{3BDB2824-1503-43F3-93A0-BDD6E4788371}]]></GPOGuid><GPODomain><![CDATA[treyresearch.net]]></GPODomain><GPODomainGuid><![CDATA[{eec1d81e-fb6a-4aad-8469-9cbf0c84fbce}]]></GPODomainGuid><GPODomainController><![CDATA[WIN-F1GJ2LI24P0.treyresearch.net]]></GPODomainController><BackupTime><![CDATA[2018-12-31T06:08:50]]></BackupTime><ID><![CDATA[{61BEF743-6965-49A1-AD7E-0C7AAE1DE6E7}]]></ID><Comment><![CDATA[]]></Comment><GPODisplayName><![CDATA[*- Tier 0 PAWs Internet Access Configuration - User]]></GPODisplayName></BackupInst><BackupInst><GPOGuid><![CDATA[{C0A3BE33-7761-4538-9255-FC779F421214}]]></GPOGuid><GPODomain><![CDATA[treyresearch.net]]></GPODomain><GPODomainGuid><![CDATA[{eec1d81e-fb6a-4aad-8469-9cbf0c84fbce}]]></GPODomainGuid><GPODomainController><![CDATA[WIN-F1GJ2LI24P0.treyresearch.net]]></GPODomainController><BackupTime><![CDATA[2018-12-31T06:08:50]]></BackupTime><ID><![CDATA[{2C7DA906-FD9B-4FA4-90C2-BA824DF62087}]]></ID><Comment><![CDATA[]]></Comment><GPODisplayName><![CDATA[*- Tier 0 PAWs MSFT Internet Explorer 11 - User]]></GPODisplayName></BackupInst><BackupInst><GPOGuid><![CDATA[{21CC97E6-57D8-43CC-A22D-CCABAFE123DD}]]></GPOGuid><GPODomain><![CDATA[treyresearch.net]]></GPODomain><GPODomainGuid><![CDATA[{eec1d81e-fb6a-4aad-8469-9cbf0c84fbce}]]></GPODomainGuid><GPODomainController><![CDATA[WIN-F1GJ2LI24P0.treyresearch.net]]></GPODomainController><BackupTime><![CDATA[2018-12-31T06:08:50]]></BackupTime><ID><![CDATA[{3F9AF89A-C484-4D8E-BDD0-ED46C8E08DF2}]]></ID><Comment><![CDATA[]]></Comment><GPODisplayName><![CDATA[*- Tier 0 PAWs MSFT Windows 10 RS2 - User]]></GPODisplayName></BackupInst><BackupInst><GPOGuid><![CDATA[{B09E3BA6-0EAF-4B40-85C1-93CDCCF31F03}]]></GPOGuid><GPODomain><![CDATA[treyresearch.net]]></GPODomain><GPODomainGuid><![CDATA[{eec1d81e-fb6a-4aad-8469-9cbf0c84fbce}]]></GPODomainGuid><GPODomainController><![CDATA[WIN-F1GJ2LI24P0.treyresearch.net]]></GPODomainController><BackupTime><![CDATA[2018-12-31T06:08:49]]></BackupTime><ID><![CDATA[{1C804491-C2C3-4354-A134-23788975161D}]]></ID><Comment><![CDATA[]]></Comment><GPODisplayName><![CDATA[*- Tier 0 PAWs MSFT Windows 10 RS3 - User]]></GPODisplayName></BackupInst><BackupInst><GPOGuid><![CDATA[{4017C514-DFB3-4BBB-93B8-5ACBFFC0EA8F}]]></GPOGuid><GPODomain><![CDATA[treyresearch.net]]></GPODomain><GPODomainGuid><![CDATA[{eec1d81e-fb6a-4aad-8469-9cbf0c84fbce}]]></GPODomainGuid><GPODomainController><![CDATA[WIN-F1GJ2LI24P0.treyresearch.net]]></GPODomainController><BackupTime><![CDATA[2018-12-31T06:08:48]]></BackupTime><ID><![CDATA[{3C423FD8-FC8C-4631-B5C4-0D1627B56C69}]]></ID><Comment><![CDATA[]]></Comment><GPODisplayName><![CDATA[*- Tier 0 PAWs MSFT Windows 10 RS4 - User]]></GPODisplayName></BackupInst><BackupInst><GPOGuid><![CDATA[{CA9698F3-2030-486D-9EE8-EB7A4704D08E}]]></GPOGuid><GPODomain><![CDATA[treyresearch.net]]></GPODomain><GPODomainGuid><![CDATA[{eec1d81e-fb6a-4aad-8469-9cbf0c84fbce}]]></GPODomainGuid><GPODomainController><![CDATA[WIN-F1GJ2LI24P0.treyresearch.net]]></GPODomainController><BackupTime><![CDATA[2018-12-31T06:08:48]]></BackupTime><ID><![CDATA[{57E2E59A-2B71-4B2E-8EDE-0CDDA623D2B4}]]></ID><Comment><![CDATA[]]></Comment><GPODisplayName><![CDATA[*- Tier 0 PAWs MSFT Windows 10 1809 - User]]></GPODisplayName></BackupInst><BackupInst><GPOGuid><![CDATA[{0BA00AB0-3B5B-424B-A51B-CD04C7729628}]]></GPOGuid><GPODomain><![CDATA[treyresearch.net]]></GPODomain><GPODomainGuid><![CDATA[{eec1d81e-fb6a-4aad-8469-9cbf0c84fbce}]]></GPODomainGuid><GPODomainController><![CDATA[WIN-F1GJ2LI24P0.treyresearch.net]]></GPODomainController><BackupTime><![CDATA[2018-12-31T06:08:47]]></BackupTime><ID><![CDATA[{A2AA08F9-5734-4697-BCE5-2B2AF2482AB2}]]></ID><Comment><![CDATA[]]></Comment><GPODisplayName><![CDATA[*- Tier 2 PAWs Admin]]></GPODisplayName></BackupInst><BackupInst><GPOGuid><![CDATA[{132CD18F-C01C-49D4-A85C-D3CF13AC6C6F}]]></GPOGuid><GPODomain><![CDATA[treyresearch.net]]></GPODomain><GPODomainGuid><![CDATA[{eec1d81e-fb6a-4aad-8469-9cbf0c84fbce}]]></GPODomainGuid><GPODomainController><![CDATA[WIN-F1GJ2LI24P0.treyresearch.net]]></GPODomainController><BackupTime><![CDATA[2018-12-31T06:08:47]]></BackupTime><ID><![CDATA[{E2CC87AE-E979-41B8-A2C5-351083194E92}]]></ID><Comment><![CDATA[]]></Comment><GPODisplayName><![CDATA[*- Tier 1 PAWs Admin]]></GPODisplayName></BackupInst><BackupInst><GPOGuid><![CDATA[{B8D1C092-FC1B-4355-839F-54067E1CAFA6}]]></GPOGuid><GPODomain><![CDATA[treyresearch.net]]></GPODomain><GPODomainGuid><![CDATA[{eec1d81e-fb6a-4aad-8469-9cbf0c84fbce}]]></GPODomainGuid><GPODomainController><![CDATA[WIN-F1GJ2LI24P0.treyresearch.net]]></GPODomainController><BackupTime><![CDATA[2018-12-31T06:08:46]]></BackupTime><ID><![CDATA[{05758B40-33CC-4287-8E0E-74F8FA703C1A}]]></ID><Comment><![CDATA[]]></Comment><GPODisplayName><![CDATA[*- WMI Filter Placeholder GPO - Not in Use]]></GPODisplayName></BackupInst><BackupInst><GPOGuid><![CDATA[{CF9B98A5-8890-492A-AACE-4FB21FCF7A41}]]></GPOGuid><GPODomain><![CDATA[treyresearch.net]]></GPODomain><GPODomainGuid><![CDATA[{eec1d81e-fb6a-4aad-8469-9cbf0c84fbce}]]></GPODomainGuid><GPODomainController><![CDATA[WIN-F1GJ2LI24P0.treyresearch.net]]></GPODomainController><BackupTime><![CDATA[2018-12-31T06:08:46]]></BackupTime><ID><![CDATA[{D26561FC-FEF2-41F2-A42B-194060D640CC}]]></ID><Comment><![CDATA[]]></Comment><GPODisplayName><![CDATA[*- Computer Quarantine]]></GPODisplayName></BackupInst><BackupInst><GPOGuid><![CDATA[{E2A22AD6-ADB7-416A-9FC3-FB4AF0D709F7}]]></GPOGuid><GPODomain><![CDATA[treyresearch.net]]></GPODomain><GPODomainGuid><![CDATA[{eec1d81e-fb6a-4aad-8469-9cbf0c84fbce}]]></GPODomainGuid><GPODomainController><![CDATA[WIN-F1GJ2LI24P0.treyresearch.net]]></GPODomainController><BackupTime><![CDATA[2018-12-31T06:08:45]]></BackupTime><ID><![CDATA[{D0FD8D6B-9B92-4379-8549-F172B92AE286}]]></ID><Comment><![CDATA[]]></Comment><GPODisplayName><![CDATA[*- Tier 2 Devices Staging]]></GPODisplayName></BackupInst><BackupInst><GPOGuid><![CDATA[{2A5736C2-A74A-4157-B6C4-FBF6D2FF7BCB}]]></GPOGuid><GPODomain><![CDATA[treyresearch.net]]></GPODomain><GPODomainGuid><![CDATA[{eec1d81e-fb6a-4aad-8469-9cbf0c84fbce}]]></GPODomainGuid><GPODomainController><![CDATA[WIN-F1GJ2LI24P0.treyresearch.net]]></GPODomainController><BackupTime><![CDATA[2018-12-31T06:08:45]]></BackupTime><ID><![CDATA[{C577320F-63CC-4CCB-96DD-EAFD0E007F2B}]]></ID><Comment><![CDATA[]]></Comment><GPODisplayName><![CDATA[*- Tier 1 Servers Staging]]></GPODisplayName></BackupInst><BackupInst><GPOGuid><![CDATA[{3CF2743C-EA54-4366-A563-A151506C3AFD}]]></GPOGuid><GPODomain><![CDATA[treyresearch.net]]></GPODomain><GPODomainGuid><![CDATA[{eec1d81e-fb6a-4aad-8469-9cbf0c84fbce}]]></GPODomainGuid><GPODomainController><![CDATA[WIN-F1GJ2LI24P0.treyresearch.net]]></GPODomainController><BackupTime><![CDATA[2018-12-31T06:08:44]]></BackupTime><ID><![CDATA[{BDF71891-83A9-47F2-8936-F8EE3626D153}]]></ID><Comment><![CDATA[]]></Comment><GPODisplayName><![CDATA[*- Tier 2 MSFT Internet Explorer 11 - User]]></GPODisplayName></BackupInst><BackupInst><GPOGuid><![CDATA[{F0ADD11A-0C21-4401-AEA7-A0A07B819433}]]></GPOGuid><GPODomain><![CDATA[treyresearch.net]]></GPODomain><GPODomainGuid><![CDATA[{eec1d81e-fb6a-4aad-8469-9cbf0c84fbce}]]></GPODomainGuid><GPODomainController><![CDATA[WIN-F1GJ2LI24P0.treyresearch.net]]></GPODomainController><BackupTime><![CDATA[2018-12-31T06:08:44]]></BackupTime><ID><![CDATA[{C6983D60-1A0E-4B03-B6D4-19AE8B836C7F}]]></ID><Comment><![CDATA[]]></Comment><GPODisplayName><![CDATA[*- Tier 2 MSFT Windows 10 RS2 - User]]></GPODisplayName></BackupInst><BackupInst><GPOGuid><![CDATA[{AC6FC7B4-3BDB-4C16-857F-46B569215DAC}]]></GPOGuid><GPODomain><![CDATA[treyresearch.net]]></GPODomain><GPODomainGuid><![CDATA[{eec1d81e-fb6a-4aad-8469-9cbf0c84fbce}]]></GPODomainGuid><GPODomainController><![CDATA[WIN-F1GJ2LI24P0.treyresearch.net]]></GPODomainController><BackupTime><![CDATA[2018-12-31T06:08:43]]></BackupTime><ID><![CDATA[{5FB56330-55FC-4696-8E60-328AF1A70AF6}]]></ID><Comment><![CDATA[]]></Comment><GPODisplayName><![CDATA[*- Tier 2 MSFT Windows 10 RS3 - User]]></GPODisplayName></BackupInst><BackupInst><GPOGuid><![CDATA[{6E4DB6C0-D193-4193-8C34-722E05FA2690}]]></GPOGuid><GPODomain><![CDATA[treyresearch.net]]></GPODomain><GPODomainGuid><![CDATA[{eec1d81e-fb6a-4aad-8469-9cbf0c84fbce}]]></GPODomainGuid><GPODomainController><![CDATA[WIN-F1GJ2LI24P0.treyresearch.net]]></GPODomainController><BackupTime><![CDATA[2018-12-31T06:08:43]]></BackupTime><ID><![CDATA[{B948B98C-9192-4617-8267-5ED1F2AA2EB6}]]></ID><Comment><![CDATA[]]></Comment><GPODisplayName><![CDATA[*- Tier 2 MSFT Windows 10 RS4 - User]]></GPODisplayName></BackupInst><BackupInst><GPOGuid><![CDATA[{576522DC-8AC4-4435-B1A3-5F62DE1DEAE3}]]></GPOGuid><GPODomain><![CDATA[treyresearch.net]]></GPODomain><GPODomainGuid><![CDATA[{eec1d81e-fb6a-4aad-8469-9cbf0c84fbce}]]></GPODomainGuid><GPODomainController><![CDATA[WIN-F1GJ2LI24P0.treyresearch.net]]></GPODomainController><BackupTime><![CDATA[2018-12-31T06:08:42]]></BackupTime><ID><![CDATA[{02F910E2-BB8B-4E86-904F-7CF6E2007D71}]]></ID><Comment><![CDATA[]]></Comment><GPODisplayName><![CDATA[*- Tier 2 MSFT Windows 10 1809 - User]]></GPODisplayName></BackupInst><BackupInst><GPOGuid><![CDATA[{B4FB9E71-AE0A-470F-8AA3-6AD4EBC8BD41}]]></GPOGuid><GPODomain><![CDATA[treyresearch.net]]></GPODomain><GPODomainGuid><![CDATA[{eec1d81e-fb6a-4aad-8469-9cbf0c84fbce}]]></GPODomainGuid><GPODomainController><![CDATA[WIN-F1GJ2LI24P0.treyresearch.net]]></GPODomainController><BackupTime><![CDATA[2018-12-31T06:08:41]]></BackupTime><ID><![CDATA[{E3E558C5-031C-408B-A5EA-76634D8022F7}]]></ID><Comment><![CDATA[]]></Comment><GPODisplayName><![CDATA[*- Tier 2 MSFT Internet Explorer 11 - Computer]]></GPODisplayName></BackupInst><BackupInst><GPOGuid><![CDATA[{28CCD757-F801-40BB-91A4-C35EBF114674}]]></GPOGuid><GPODomain><![CDATA[treyresearch.net]]></GPODomain><GPODomainGuid><![CDATA[{eec1d81e-fb6a-4aad-8469-9cbf0c84fbce}]]></GPODomainGuid><GPODomainController><![CDATA[WIN-F1GJ2LI24P0.treyresearch.net]]></GPODomainController><BackupTime><![CDATA[2018-12-31T06:08:41]]></BackupTime><ID><![CDATA[{ED8C379B-E105-45A6-B55D-56E18E3FF835}]]></ID><Comment><![CDATA[]]></Comment><GPODisplayName><![CDATA[*- Tier 2 MSFT Windows 10 and Server 2016 - Credential Guard]]></GPODisplayName></BackupInst><BackupInst><GPOGuid><![CDATA[{758411C1-2CD1-4638-88EB-A686B062495F}]]></GPOGuid><GPODomain><![CDATA[treyresearch.net]]></GPODomain><GPODomainGuid><![CDATA[{eec1d81e-fb6a-4aad-8469-9cbf0c84fbce}]]></GPODomainGuid><GPODomainController><![CDATA[WIN-F1GJ2LI24P0.treyresearch.net]]></GPODomainController><BackupTime><![CDATA[2018-12-31T06:08:41]]></BackupTime><ID><![CDATA[{407BAEF2-AA52-477D-BCEC-E5BE7DF221AA}]]></ID><Comment><![CDATA[]]></Comment><GPODisplayName><![CDATA[*- Tier 2 MSFT Windows 10 1809 and Server 2019 Member Server - Credential Guard]]></GPODisplayName></BackupInst><BackupInst><GPOGuid><![CDATA[{82E404F0-B4FE-41BE-84BF-DCC6E5C5C8D0}]]></GPOGuid><GPODomain><![CDATA[treyresearch.net]]></GPODomain><GPODomainGuid><![CDATA[{eec1d81e-fb6a-4aad-8469-9cbf0c84fbce}]]></GPODomainGuid><GPODomainController><![CDATA[WIN-F1GJ2LI24P0.treyresearch.net]]></GPODomainController><BackupTime><![CDATA[2018-12-31T06:08:40]]></BackupTime><ID><![CDATA[{647835EC-B4F5-458A-95C0-F551B0BE4DA5}]]></ID><Comment><![CDATA[]]></Comment><GPODisplayName><![CDATA[*- Tier 2 MSFT Windows 10 RS2 - Bitlocker]]></GPODisplayName></BackupInst><BackupInst><GPOGuid><![CDATA[{DCA7EE70-70EA-4AF5-854F-D711F2350695}]]></GPOGuid><GPODomain><![CDATA[treyresearch.net]]></GPODomain><GPODomainGuid><![CDATA[{eec1d81e-fb6a-4aad-8469-9cbf0c84fbce}]]></GPODomainGuid><GPODomainController><![CDATA[WIN-F1GJ2LI24P0.treyresearch.net]]></GPODomainController><BackupTime><![CDATA[2018-12-31T06:08:40]]></BackupTime><ID><![CDATA[{B1E5E1F5-7421-4219-9C36-4E770C3678BA}]]></ID><Comment><![CDATA[]]></Comment><GPODisplayName><![CDATA[*- Tier 2 MSFT Windows 10 RS3 - Bitlocker]]></GPODisplayName></BackupInst><BackupInst><GPOGuid><![CDATA[{6337C743-0A2E-4448-94B9-3FA65678C6A8}]]></GPOGuid><GPODomain><![CDATA[treyresearch.net]]></GPODomain><GPODomainGuid><![CDATA[{eec1d81e-fb6a-4aad-8469-9cbf0c84fbce}]]></GPODomainGuid><GPODomainController><![CDATA[WIN-F1GJ2LI24P0.treyresearch.net]]></GPODomainController><BackupTime><![CDATA[2018-12-31T06:08:39]]></BackupTime><ID><![CDATA[{0656EC00-935C-4110-A18C-7E1E2B64DD44}]]></ID><Comment><![CDATA[]]></Comment><GPODisplayName><![CDATA[*- Tier 2 MSFT Windows 10 RS4 - Bitlocker]]></GPODisplayName></BackupInst><BackupInst><GPOGuid><![CDATA[{2C4F993F-C864-44AF-8500-737E1FA2ECD2}]]></GPOGuid><GPODomain><![CDATA[treyresearch.net]]></GPODomain><GPODomainGuid><![CDATA[{eec1d81e-fb6a-4aad-8469-9cbf0c84fbce}]]></GPODomainGuid><GPODomainController><![CDATA[WIN-F1GJ2LI24P0.treyresearch.net]]></GPODomainController><BackupTime><![CDATA[2018-12-31T06:08:38]]></BackupTime><ID><![CDATA[{9770F4CE-8AB9-4CE0-9128-0A1EC4C1FB63}]]></ID><Comment><![CDATA[]]></Comment><GPODisplayName><![CDATA[*- Tier 2 MSFT Windows 10 1809 - Bitlocker]]></GPODisplayName></BackupInst><BackupInst><GPOGuid><![CDATA[{9423B768-E5DE-4BF6-B728-27ADB90E962D}]]></GPOGuid><GPODomain><![CDATA[treyresearch.net]]></GPODomain><GPODomainGuid><![CDATA[{eec1d81e-fb6a-4aad-8469-9cbf0c84fbce}]]></GPODomainGuid><GPODomainController><![CDATA[WIN-F1GJ2LI24P0.treyresearch.net]]></GPODomainController><BackupTime><![CDATA[2018-12-31T06:08:38]]></BackupTime><ID><![CDATA[{0279DF7E-1D23-4356-8CB4-514D9AAF700F}]]></ID><Comment><![CDATA[]]></Comment><GPODisplayName><![CDATA[*- Tier 2 MSFT Windows 10 and Server 2016 Defender - Windows 10 RS2]]></GPODisplayName></BackupInst><BackupInst><GPOGuid><![CDATA[{AFD6A714-316A-4EEB-A9EC-7A137CD15A26}]]></GPOGuid><GPODomain><![CDATA[treyresearch.net]]></GPODomain><GPODomainGuid><![CDATA[{eec1d81e-fb6a-4aad-8469-9cbf0c84fbce}]]></GPODomainGuid><GPODomainController><![CDATA[WIN-F1GJ2LI24P0.treyresearch.net]]></GPODomainController><BackupTime><![CDATA[2018-12-31T06:08:37]]></BackupTime><ID><![CDATA[{E413E95F-A497-4FBC-87C3-D4267A821FE6}]]></ID><Comment><![CDATA[]]></Comment><GPODisplayName><![CDATA[*- Tier 2 MSFT Windows 10 and Server 2016 Defender Antivirus - Windows 10 RS3]]></GPODisplayName></BackupInst><BackupInst><GPOGuid><![CDATA[{946E2245-3C8C-420F-B1BC-1FBED6C4D98D}]]></GPOGuid><GPODomain><![CDATA[treyresearch.net]]></GPODomain><GPODomainGuid><![CDATA[{eec1d81e-fb6a-4aad-8469-9cbf0c84fbce}]]></GPODomainGuid><GPODomainController><![CDATA[WIN-F1GJ2LI24P0.treyresearch.net]]></GPODomainController><BackupTime><![CDATA[2018-12-31T06:08:37]]></BackupTime><ID><![CDATA[{E80DF33D-32EF-4520-9168-7BB96958349E}]]></ID><Comment><![CDATA[]]></Comment><GPODisplayName><![CDATA[*- Tier 2 MSFT Windows 10 and Server 2016 - Defender Antivirus - Windows 10 RS4]]></GPODisplayName></BackupInst><BackupInst><GPOGuid><![CDATA[{4645F90E-04D2-4908-854E-D9EBC2B6B55B}]]></GPOGuid><GPODomain><![CDATA[treyresearch.net]]></GPODomain><GPODomainGuid><![CDATA[{eec1d81e-fb6a-4aad-8469-9cbf0c84fbce}]]></GPODomainGuid><GPODomainController><![CDATA[WIN-F1GJ2LI24P0.treyresearch.net]]></GPODomainController><BackupTime><![CDATA[2018-12-31T06:08:36]]></BackupTime><ID><![CDATA[{27674FC4-37F5-4C3A-AF30-5AA4C965F8DB}]]></ID><Comment><![CDATA[]]></Comment><GPODisplayName><![CDATA[*- Tier 2 MSFT Windows 10 1809 and Server 2019 - Defender Antivirus]]></GPODisplayName></BackupInst><BackupInst><GPOGuid><![CDATA[{824BFBC0-33E3-44B0-B5F2-4C5E905EFE1D}]]></GPOGuid><GPODomain><![CDATA[treyresearch.net]]></GPODomain><GPODomainGuid><![CDATA[{eec1d81e-fb6a-4aad-8469-9cbf0c84fbce}]]></GPODomainGuid><GPODomainController><![CDATA[WIN-F1GJ2LI24P0.treyresearch.net]]></GPODomainController><BackupTime><![CDATA[2018-12-31T06:08:36]]></BackupTime><ID><![CDATA[{DAE8AC43-A736-4AE6-9B8D-B90180AAA4E9}]]></ID><Comment><![CDATA[]]></Comment><GPODisplayName><![CDATA[*- Tier 2 MSFT Windows 10 RS2 - Computer]]></GPODisplayName></BackupInst><BackupInst><GPOGuid><![CDATA[{549A0BC2-B5D0-4292-85AE-5B51017FF338}]]></GPOGuid><GPODomain><![CDATA[treyresearch.net]]></GPODomain><GPODomainGuid><![CDATA[{eec1d81e-fb6a-4aad-8469-9cbf0c84fbce}]]></GPODomainGuid><GPODomainController><![CDATA[WIN-F1GJ2LI24P0.treyresearch.net]]></GPODomainController><BackupTime><![CDATA[2018-12-31T06:08:34]]></BackupTime><ID><![CDATA[{CD51E062-3A9C-4765-B663-0902DCE6183A}]]></ID><Comment><![CDATA[]]></Comment><GPODisplayName><![CDATA[*- Tier 2 MSFT Windows 10 RS3 - Computer]]></GPODisplayName></BackupInst><BackupInst><GPOGuid><![CDATA[{772C2393-6B00-4003-B630-35F435C57974}]]></GPOGuid><GPODomain><![CDATA[treyresearch.net]]></GPODomain><GPODomainGuid><![CDATA[{eec1d81e-fb6a-4aad-8469-9cbf0c84fbce}]]></GPODomainGuid><GPODomainController><![CDATA[WIN-F1GJ2LI24P0.treyresearch.net]]></GPODomainController><BackupTime><![CDATA[2018-12-31T06:08:33]]></BackupTime><ID><![CDATA[{A0C5DE43-48D8-4778-BD9D-1B5ED91EA54A}]]></ID><Comment><![CDATA[]]></Comment><GPODisplayName><![CDATA[*- Tier 2 MSFT Windows 10 RS4 - Computer]]></GPODisplayName></BackupInst><BackupInst><GPOGuid><![CDATA[{DDFC0A0C-2816-44D3-85D2-01BDC3588D63}]]></GPOGuid><GPODomain><![CDATA[treyresearch.net]]></GPODomain><GPODomainGuid><![CDATA[{eec1d81e-fb6a-4aad-8469-9cbf0c84fbce}]]></GPODomainGuid><GPODomainController><![CDATA[WIN-F1GJ2LI24P0.treyresearch.net]]></GPODomainController><BackupTime><![CDATA[2018-12-31T06:08:33]]></BackupTime><ID><![CDATA[{89EE6CB6-61B4-48E1-BEB8-FB2905DB5852}]]></ID><Comment><![CDATA[]]></Comment><GPODisplayName><![CDATA[*- Tier 2 MSFT Windows 10 1809 - Computer]]></GPODisplayName></BackupInst><BackupInst><GPOGuid><![CDATA[{8944A2D4-B85D-4A81-A660-C8A3D97461ED}]]></GPOGuid><GPODomain><![CDATA[treyresearch.net]]></GPODomain><GPODomainGuid><![CDATA[{eec1d81e-fb6a-4aad-8469-9cbf0c84fbce}]]></GPODomainGuid><GPODomainController><![CDATA[WIN-F1GJ2LI24P0.treyresearch.net]]></GPODomainController><BackupTime><![CDATA[2018-12-31T06:08:32]]></BackupTime><ID><![CDATA[{AAC21ABF-3569-4CA6-AB06-A6BD470954DE}]]></ID><Comment><![CDATA[]]></Comment><GPODisplayName><![CDATA[*- Tier 2 LAPS]]></GPODisplayName></BackupInst><BackupInst><GPOGuid><![CDATA[{E6C76C8E-DF42-4AF6-9E98-7BCA496895A8}]]></GPOGuid><GPODomain><![CDATA[treyresearch.net]]></GPODomain><GPODomainGuid><![CDATA[{eec1d81e-fb6a-4aad-8469-9cbf0c84fbce}]]></GPODomainGuid><GPODomainController><![CDATA[WIN-F1GJ2LI24P0.treyresearch.net]]></GPODomainController><BackupTime><![CDATA[2018-12-31T06:08:32]]></BackupTime><ID><![CDATA[{7E524F9D-72B2-4331-A8D2-C9A6EDB4DAD4}]]></ID><Comment><![CDATA[]]></Comment><GPODisplayName><![CDATA[*- Tier 2 Workstations]]></GPODisplayName></BackupInst><BackupInst><GPOGuid><![CDATA[{DF44F6CC-CD5F-4C46-9EC5-F615DDEDB278}]]></GPOGuid><GPODomain><![CDATA[treyresearch.net]]></GPODomain><GPODomainGuid><![CDATA[{eec1d81e-fb6a-4aad-8469-9cbf0c84fbce}]]></GPODomainGuid><GPODomainController><![CDATA[WIN-F1GJ2LI24P0.treyresearch.net]]></GPODomainController><BackupTime><![CDATA[2018-12-31T06:08:31]]></BackupTime><ID><![CDATA[{F8EDB5C5-DCC4-4EAE-9EFD-17FB7549BFA5}]]></ID><Comment><![CDATA[]]></Comment><GPODisplayName><![CDATA[*- Tier 1 Servers MSFT Windows 10 and Server 2016 - Credential Guard]]></GPODisplayName></BackupInst><BackupInst><GPOGuid><![CDATA[{B42F0BDA-587E-4D48-8A15-0F99DC8A2563}]]></GPOGuid><GPODomain><![CDATA[treyresearch.net]]></GPODomain><GPODomainGuid><![CDATA[{eec1d81e-fb6a-4aad-8469-9cbf0c84fbce}]]></GPODomainGuid><GPODomainController><![CDATA[WIN-F1GJ2LI24P0.treyresearch.net]]></GPODomainController><BackupTime><![CDATA[2018-12-31T06:08:31]]></BackupTime><ID><![CDATA[{8849C722-4ABD-4CD4-B717-81C0659CAF8D}]]></ID><Comment><![CDATA[]]></Comment><GPODisplayName><![CDATA[*- Tier 1 Servers SCM Windows Server 2016 - Member Server Baseline - User]]></GPODisplayName></BackupInst><BackupInst><GPOGuid><![CDATA[{87DF68D7-C2B9-4229-8BAA-7BF02108838C}]]></GPOGuid><GPODomain><![CDATA[treyresearch.net]]></GPODomain><GPODomainGuid><![CDATA[{eec1d81e-fb6a-4aad-8469-9cbf0c84fbce}]]></GPODomainGuid><GPODomainController><![CDATA[WIN-F1GJ2LI24P0.treyresearch.net]]></GPODomainController><BackupTime><![CDATA[2018-12-31T06:08:30]]></BackupTime><ID><![CDATA[{7337ECE9-3D41-434E-96FC-A6EFFE298E02}]]></ID><Comment><![CDATA[]]></Comment><GPODisplayName><![CDATA[*- Tier 1 Servers MSFT Internet Explorer 11 - Computer]]></GPODisplayName></BackupInst><BackupInst><GPOGuid><![CDATA[{C731A704-99B1-46FF-AF60-5D77F242A80B}]]></GPOGuid><GPODomain><![CDATA[treyresearch.net]]></GPODomain><GPODomainGuid><![CDATA[{eec1d81e-fb6a-4aad-8469-9cbf0c84fbce}]]></GPODomainGuid><GPODomainController><![CDATA[WIN-F1GJ2LI24P0.treyresearch.net]]></GPODomainController><BackupTime><![CDATA[2018-12-31T06:08:29]]></BackupTime><ID><![CDATA[{FD58229D-441F-40C0-AA20-A7178821D9FE}]]></ID><Comment><![CDATA[]]></Comment><GPODisplayName><![CDATA[*- Tier 1 Servers MSFT Windows Server 2012 R2 Member Server Baseline]]></GPODisplayName></BackupInst><BackupInst><GPOGuid><![CDATA[{7D1F4D9F-CDC2-40FA-B1FA-E665B354BCD8}]]></GPOGuid><GPODomain><![CDATA[treyresearch.net]]></GPODomain><GPODomainGuid><![CDATA[{eec1d81e-fb6a-4aad-8469-9cbf0c84fbce}]]></GPODomainGuid><GPODomainController><![CDATA[WIN-F1GJ2LI24P0.treyresearch.net]]></GPODomainController><BackupTime><![CDATA[2018-12-31T06:08:28]]></BackupTime><ID><![CDATA[{2D8A925A-1EF8-421A-B070-9CA71A8ACF44}]]></ID><Comment><![CDATA[]]></Comment><GPODisplayName><![CDATA[*- Tier 1 Servers SCM Windows Server 2016 - Member Server Baseline - Computer]]></GPODisplayName></BackupInst><BackupInst><GPOGuid><![CDATA[{F00835DE-094C-4793-BBC3-FFA02D93B0FC}]]></GPOGuid><GPODomain><![CDATA[treyresearch.net]]></GPODomain><GPODomainGuid><![CDATA[{eec1d81e-fb6a-4aad-8469-9cbf0c84fbce}]]></GPODomainGuid><GPODomainController><![CDATA[WIN-F1GJ2LI24P0.treyresearch.net]]></GPODomainController><BackupTime><![CDATA[2018-12-31T06:08:28]]></BackupTime><ID><![CDATA[{98C6CFB9-D530-4935-972D-55DC18163D35}]]></ID><Comment><![CDATA[]]></Comment><GPODisplayName><![CDATA[*- Tier 1 Servers MSFT Windows 10 and Server 2016 Defender]]></GPODisplayName></BackupInst><BackupInst><GPOGuid><![CDATA[{4F8AC2CA-70C5-4D20-90C3-3E3342EBBE12}]]></GPOGuid><GPODomain><![CDATA[treyresearch.net]]></GPODomain><GPODomainGuid><![CDATA[{eec1d81e-fb6a-4aad-8469-9cbf0c84fbce}]]></GPODomainGuid><GPODomainController><![CDATA[WIN-F1GJ2LI24P0.treyresearch.net]]></GPODomainController><BackupTime><![CDATA[2018-12-31T06:08:27]]></BackupTime><ID><![CDATA[{6A6BD575-43A5-4A84-AB49-7B4E001477D4}]]></ID><Comment><![CDATA[]]></Comment><GPODisplayName><![CDATA[*- Tier 1 Servers LAPS]]></GPODisplayName></BackupInst><BackupInst><GPOGuid><![CDATA[{1433B6DD-3BCE-4132-B0BE-926EEF3B9522}]]></GPOGuid><GPODomain><![CDATA[treyresearch.net]]></GPODomain><GPODomainGuid><![CDATA[{eec1d81e-fb6a-4aad-8469-9cbf0c84fbce}]]></GPODomainGuid><GPODomainController><![CDATA[WIN-F1GJ2LI24P0.treyresearch.net]]></GPODomainController><BackupTime><![CDATA[2018-12-31T06:08:27]]></BackupTime><ID><![CDATA[{56295ED8-423C-4AB5-8E94-DC4B7F304580}]]></ID><Comment><![CDATA[]]></Comment><GPODisplayName><![CDATA[*- Tier 1 Servers]]></GPODisplayName></BackupInst><BackupInst><GPOGuid><![CDATA[{21E493F5-7126-430A-9D53-BF9A6F605918}]]></GPOGuid><GPODomain><![CDATA[treyresearch.net]]></GPODomain><GPODomainGuid><![CDATA[{eec1d81e-fb6a-4aad-8469-9cbf0c84fbce}]]></GPODomainGuid><GPODomainController><![CDATA[WIN-F1GJ2LI24P0.treyresearch.net]]></GPODomainController><BackupTime><![CDATA[2018-12-31T06:08:26]]></BackupTime><ID><![CDATA[{A58E7B24-EAD9-4037-8F3A-D2A983FABD45}]]></ID><Comment><![CDATA[]]></Comment><GPODisplayName><![CDATA[*- Tier 0 DCs MSFT Internet Explorer 11 - Computer]]></GPODisplayName></BackupInst><BackupInst><GPOGuid><![CDATA[{4FD94D9C-9FBA-43F8-9FE6-434118809211}]]></GPOGuid><GPODomain><![CDATA[treyresearch.net]]></GPODomain><GPODomainGuid><![CDATA[{eec1d81e-fb6a-4aad-8469-9cbf0c84fbce}]]></GPODomainGuid><GPODomainController><![CDATA[WIN-F1GJ2LI24P0.treyresearch.net]]></GPODomainController><BackupTime><![CDATA[2018-12-31T06:08:25]]></BackupTime><ID><![CDATA[{C8DC597B-9052-4256-B357-5934E245A5DC}]]></ID><Comment><![CDATA[]]></Comment><GPODisplayName><![CDATA[*- Tier 0 DCs MSFT Windows 10 and Server 2016 Defender]]></GPODisplayName></BackupInst><BackupInst><GPOGuid><![CDATA[{9680A25D-FE06-4B34-B75D-BF856CFD173B}]]></GPOGuid><GPODomain><![CDATA[treyresearch.net]]></GPODomain><GPODomainGuid><![CDATA[{eec1d81e-fb6a-4aad-8469-9cbf0c84fbce}]]></GPODomainGuid><GPODomainController><![CDATA[WIN-F1GJ2LI24P0.treyresearch.net]]></GPODomainController><BackupTime><![CDATA[2018-12-31T06:08:24]]></BackupTime><ID><![CDATA[{8024EEA6-BE7E-4E63-9A41-F33F07FE2F27}]]></ID><Comment><![CDATA[]]></Comment><GPODisplayName><![CDATA[*- Tier 0 DCs MSFT Windows Server 2012 R2 Domain Controller Baseline]]></GPODisplayName></BackupInst><BackupInst><GPOGuid><![CDATA[{EF9D02E2-751A-4E1B-B00F-61B76DA5DEB8}]]></GPOGuid><GPODomain><![CDATA[treyresearch.net]]></GPODomain><GPODomainGuid><![CDATA[{eec1d81e-fb6a-4aad-8469-9cbf0c84fbce}]]></GPODomainGuid><GPODomainController><![CDATA[WIN-F1GJ2LI24P0.treyresearch.net]]></GPODomainController><BackupTime><![CDATA[2018-12-31T06:08:08]]></BackupTime><ID><![CDATA[{2A452A02-9A21-4781-AD99-D9FB08E84C08}]]></ID><Comment><![CDATA[]]></Comment><GPODisplayName><![CDATA[*- Tier 0 DCs SCM Windows Server 2016 - Domain Controller Baseline]]></GPODisplayName></BackupInst></Backups>