<BackupInst xmlns="http://www.microsoft.com/GroupPolicy/GPOOperations/Manifest"><GPOGuid><![CDATA[{CE72DDA8-36E6-4421-965F-629732E5D772}]]></GPOGuid><GPODomain><![CDATA[treyresearch.net]]></GPODomain><GPODomainGuid><![CDATA[{eec1d81e-fb6a-4aad-8469-9cbf0c84fbce}]]></GPODomainGuid><GPODomainController><![CDATA[WIN-F1GJ2LI24P0.treyresearch.net]]></GPODomainController><BackupTime><![CDATA[2018-12-31T06:09:38]]></BackupTime><ID><![CDATA[{375ABE2A-76A9-4C40-846F-7ED68968457F}]]></ID><Comment><![CDATA[]]></Comment><GPODisplayName><![CDATA[*- Tier 2 PAWs MSFT Internet Explorer 11 - Computer]]></GPODisplayName></BackupInst>
