<?xml version="1.0" encoding="utf-8"?><!-- Copyright (c) Microsoft Corporation.  All rights reserved. --><GroupPolicyBackupScheme bkp:version="2.0" bkp:type="GroupPolicyBackupTemplate" xmlns:bkp="http://www.microsoft.com/GroupPolicy/GPOOperations" xmlns="http://www.microsoft.com/GroupPolicy/GPOOperations">
    <GroupPolicyObject><SecurityGroups><Group bkp:Source="FromDACL"><Sid><![CDATA[S-1-5-21-2335210596-2040447064-1813778954-519]]></Sid><SamAccountName><![CDATA[Enterprise Admins]]></SamAccountName><Type><![CDATA[UniversalGroup]]></Type><NetBIOSDomainName><![CDATA[TREYRESEARCH]]></NetBIOSDomainName><DnsDomainName><![CDATA[treyresearch.net]]></DnsDomainName><UPN><![CDATA[Enterprise Admins@treyresearch.net]]></UPN></Group><Group bkp:Source="FromDACL"><Sid><![CDATA[S-1-5-21-2335210596-2040447064-1813778954-512]]></Sid><SamAccountName><![CDATA[Domain Admins]]></SamAccountName><Type><![CDATA[GlobalGroup]]></Type><NetBIOSDomainName><![CDATA[TREYRESEARCH]]></NetBIOSDomainName><DnsDomainName><![CDATA[treyresearch.net]]></DnsDomainName><UPN><![CDATA[Domain Admins@treyresearch.net]]></UPN></Group></SecurityGroups><FilePaths/><GroupPolicyCoreSettings><ID><![CDATA[{60607234-577A-48DA-AF91-EEE024DD2E20}]]></ID><Domain><![CDATA[treyresearch.net]]></Domain><SecurityDescriptor>01 00 04 9c 00 00 00 00 00 00 00 00 00 00 00 00 14 00 00 00 04 00 ec 00 08 00 00 00 05 02 28 00 00 01 00 00 01 00 00 00 8f fd ac ed b3 ff d1 11 b4 1d 00 a0 c9 68 f9 39 01 01 00 00 00 00 00 05 0b 00 00 00 00 00 24 00 ff 00 0f 00 01 05 00 00 00 00 00 05 15 00 00 00 64 7c 30 8b 58 c0 9e 79 0a 12 1c 6c 00 02 00 00 00 02 24 00 ff 00 0f 00 01 05 00 00 00 00 00 05 15 00 00 00 64 7c 30 8b 58 c0 9e 79 0a 12 1c 6c 00 02 00 00 00 02 24 00 ff 00 0f 00 01 05 00 00 00 00 00 05 15 00 00 00 64 7c 30 8b 58 c0 9e 79 0a 12 1c 6c 07 02 00 00 00 02 14 00 94 00 02 00 01 01 00 00 00 00 00 05 09 00 00 00 00 02 14 00 94 00 02 00 01 01 00 00 00 00 00 05 0b 00 00 00 00 02 14 00 ff 00 0f 00 01 01 00 00 00 00 00 05 12 00 00 00 00 0a 14 00 ff 00 0f 00 01 01 00 00 00 00 00 03 00 00 00 00</SecurityDescriptor><DisplayName><![CDATA[*- Tier 1 PAWs MSFT Internet Explorer 11 - Computer]]></DisplayName><Options><![CDATA[1]]></Options><UserVersionNumber><![CDATA[65537]]></UserVersionNumber><MachineVersionNumber><![CDATA[65537]]></MachineVersionNumber><MachineExtensionGuids><![CDATA[[{35378EAC-683F-11D2-A89A-00C04FBBCFA2}{0F6B957D-509E-11D1-A7CC-0000F87571E3}{B05566AC-FE9C-4368-BE01-7A4CBB6CBA11}{D02B1F72-3407-48AE-BA88-E8213C6761F1}]]]></MachineExtensionGuids><UserExtensionGuids/><WMIFilter/></GroupPolicyCoreSettings> 
        <GroupPolicyExtension bkp:ID="{35378EAC-683F-11D2-A89A-00C04FBBCFA2}" bkp:DescName="Registry">
            <FSObjectFile bkp:Path="%GPO_MACH_FSPATH%\registry.pol" bkp:SourceExpandedPath="\\WIN-F1GJ2LI24P0.treyresearch.net\sysvol\treyresearch.net\Policies\{60607234-577A-48DA-AF91-EEE024DD2E20}\Machine\registry.pol" bkp:Location="DomainSysvol\GPO\Machine\registry.pol"/>
            
            <FSObjectFile bkp:Path="%GPO_FSPATH%\Adm\*.*" bkp:SourceExpandedPath="\\WIN-F1GJ2LI24P0.treyresearch.net\sysvol\treyresearch.net\Policies\{60607234-577A-48DA-AF91-EEE024DD2E20}\Adm\*.*"/>
        </GroupPolicyExtension>
        
        
        
        
        
        
        
        
        
    <GroupPolicyExtension bkp:ID="{F15C46CD-82A0-4C2D-A210-5D0D3182A418}" bkp:DescName="Unknown Extension"><FSObjectDir bkp:Path="%GPO_MACH_FSPATH%\Applications" bkp:SourceExpandedPath="\\WIN-F1GJ2LI24P0.treyresearch.net\sysvol\treyresearch.net\Policies\{60607234-577A-48DA-AF91-EEE024DD2E20}\Machine\Applications" bkp:Location="DomainSysvol\GPO\Machine\Applications"/><FSObjectFile bkp:Path="%GPO_MACH_FSPATH%\comment.cmtx" bkp:SourceExpandedPath="\\WIN-F1GJ2LI24P0.treyresearch.net\sysvol\treyresearch.net\Policies\{60607234-577A-48DA-AF91-EEE024DD2E20}\Machine\comment.cmtx" bkp:Location="DomainSysvol\GPO\Machine\comment.cmtx"/><FSObjectDir bkp:Path="%GPO_MACH_FSPATH%\microsoft" bkp:SourceExpandedPath="\\WIN-F1GJ2LI24P0.treyresearch.net\sysvol\treyresearch.net\Policies\{60607234-577A-48DA-AF91-EEE024DD2E20}\Machine\microsoft" bkp:Location="DomainSysvol\GPO\Machine\microsoft"/><FSObjectDir bkp:Path="%GPO_MACH_FSPATH%\microsoft\windows nt" bkp:SourceExpandedPath="\\WIN-F1GJ2LI24P0.treyresearch.net\sysvol\treyresearch.net\Policies\{60607234-577A-48DA-AF91-EEE024DD2E20}\Machine\microsoft\windows nt" bkp:Location="DomainSysvol\GPO\Machine\microsoft\windows nt"/><FSObjectDir bkp:Path="%GPO_MACH_FSPATH%\microsoft\windows nt\Audit" bkp:SourceExpandedPath="\\WIN-F1GJ2LI24P0.treyresearch.net\sysvol\treyresearch.net\Policies\{60607234-577A-48DA-AF91-EEE024DD2E20}\Machine\microsoft\windows nt\Audit" bkp:Location="DomainSysvol\GPO\Machine\microsoft\windows nt\Audit"/><FSObjectDir bkp:Path="%GPO_MACH_FSPATH%\microsoft\windows nt\SecEdit" bkp:SourceExpandedPath="\\WIN-F1GJ2LI24P0.treyresearch.net\sysvol\treyresearch.net\Policies\{60607234-577A-48DA-AF91-EEE024DD2E20}\Machine\microsoft\windows nt\SecEdit" bkp:Location="DomainSysvol\GPO\Machine\microsoft\windows nt\SecEdit"/><FSObjectFile bkp:Path="%GPO_MACH_FSPATH%\microsoft\windows nt\SecEdit\GptTmpl.inf" bkp:SourceExpandedPath="\\WIN-F1GJ2LI24P0.treyresearch.net\sysvol\treyresearch.net\Policies\{60607234-577A-48DA-AF91-EEE024DD2E20}\Machine\microsoft\windows nt\SecEdit\GptTmpl.inf" bkp:Location="DomainSysvol\GPO\Machine\microsoft\windows nt\SecEdit\GptTmpl.inf"/><FSObjectDir bkp:Path="%GPO_MACH_FSPATH%\Scripts" bkp:SourceExpandedPath="\\WIN-F1GJ2LI24P0.treyresearch.net\sysvol\treyresearch.net\Policies\{60607234-577A-48DA-AF91-EEE024DD2E20}\Machine\Scripts" bkp:Location="DomainSysvol\GPO\Machine\Scripts"/><FSObjectDir bkp:Path="%GPO_MACH_FSPATH%\Scripts\Shutdown" bkp:SourceExpandedPath="\\WIN-F1GJ2LI24P0.treyresearch.net\sysvol\treyresearch.net\Policies\{60607234-577A-48DA-AF91-EEE024DD2E20}\Machine\Scripts\Shutdown" bkp:Location="DomainSysvol\GPO\Machine\Scripts\Shutdown"/><FSObjectDir bkp:Path="%GPO_MACH_FSPATH%\Scripts\Startup" bkp:SourceExpandedPath="\\WIN-F1GJ2LI24P0.treyresearch.net\sysvol\treyresearch.net\Policies\{60607234-577A-48DA-AF91-EEE024DD2E20}\Machine\Scripts\Startup" bkp:Location="DomainSysvol\GPO\Machine\Scripts\Startup"/></GroupPolicyExtension></GroupPolicyObject>
</GroupPolicyBackupScheme>