<BackupInst xmlns="http://www.microsoft.com/GroupPolicy/GPOOperations/Manifest"><GPOGuid><![CDATA[{0E7607EC-DBA4-47A0-8A1B-AC56979348FD}]]></GPOGuid><GPODomain><![CDATA[treyresearch.net]]></GPODomain><GPODomainGuid><![CDATA[{eec1d81e-fb6a-4aad-8469-9cbf0c84fbce}]]></GPODomainGuid><GPODomainController><![CDATA[WIN-F1GJ2LI24P0.treyresearch.net]]></GPODomainController><BackupTime><![CDATA[2018-12-31T06:09:41]]></BackupTime><ID><![CDATA[{599E1740-6849-4449-9115-4B2EF28D2573}]]></ID><Comment><![CDATA[]]></Comment><GPODisplayName><![CDATA[*- Additional Domain Security Settings]]></GPODisplayName></BackupInst>
