﻿<?xml version="1.0" encoding="utf-8"?>
<Configuration>
<SetPermissions>
	<Permission>
		<OU>OU=Admin</OU>
		<Group>Tier0Admins</Group>
		<RoleDefinition>Full Control</RoleDefinition>
		<Propagate>True</Propagate>
	</Permission>
	<Permission>
		<OU>OU=Staging, OU=Admin</OU>
		<Group>AdminDomainJoin</Group>
		<RoleDefinition>Domain Join Computers</RoleDefinition>
		<Propagate>True</Propagate>
	</Permission>
	<Permission>
		<OU>OU=Staging, OU=Admin</OU>
		<Group>Tier2Admins</Group>
		<RoleDefinition>Domain Join Computers</RoleDefinition>
		<Propagate>True</Propagate>
	</Permission>
<Permission>
		<OU>OU=Staging, OU=Admin</OU>
		<Group>Tier1Admins</Group>
		<RoleDefinition>Domain Join Computers</RoleDefinition>
		<Propagate>True</Propagate>
	</Permission>
	<Permission>
		<OU>OU=T1-Accounts, OU=Tier 1, OU=Admin</OU>
		<Group>Tier1Admins</Group>
		<RoleDefinition>Full Control Users</RoleDefinition>
		<Propagate>True</Propagate>
	</Permission>
	<Permission>
		<OU>OU=T1-Accounts, OU=Tier 1, OU=Admin</OU>
		<Group>Tier1Admins</Group>
		<RoleDefinition>Advanced User Account Management</RoleDefinition>
		<Propagate>True</Propagate>
	</Permission>
	<Permission>
		<OU>OU=T1-Devices, OU=Tier 1, OU=Admin</OU>
		<Group>Tier1Admins</Group>
		<RoleDefinition>Full Control Computers</RoleDefinition>
		<Propagate>True</Propagate>
	</Permission>
	<Permission>
		<OU>OU=T1-Groups, OU=Tier 1, OU=Admin</OU>
		<Group>Tier1Admins</Group>
		<RoleDefinition>Full Control Groups</RoleDefinition>
		<Propagate>True</Propagate>
	</Permission>
	<Permission>
		<OU>OU=T1-Groups, OU=Tier 1, OU=Admin</OU>
		<Group>Tier1Admins</Group>
		<RoleDefinition>Create Groups</RoleDefinition>
		<Propagate>True</Propagate>
	</Permission>
	<Permission>
		<OU>OU=T1-Service Accounts, OU=Tier 1, OU=Admin</OU>
		<Group>Tier1Admins</Group>
		<RoleDefinition>Full Control Users</RoleDefinition>
		<Propagate>True</Propagate>
	</Permission>
	<Permission>
		<OU>OU=T1-Service Accounts, OU=Tier 1, OU=Admin</OU>
		<Group>Tier1Admins</Group>
		<RoleDefinition>Advanced User Account Management</RoleDefinition>
		<Propagate>True</Propagate>
	</Permission>
	<Permission>
		<OU>OU=T2-Accounts, OU=Tier 2, OU=Admin</OU>
		<Group>Tier2Admins</Group>
		<RoleDefinition>Full Control Users</RoleDefinition>
		<Propagate>True</Propagate>
	</Permission>
	<Permission>
		<OU>OU=T2-Accounts, OU=Tier 2, OU=Admin</OU>
		<Group>Tier2Admins</Group>
		<RoleDefinition>Advanced User Account Management</RoleDefinition>
		<Propagate>True</Propagate>
	</Permission>
	<Permission>
		<OU>OU=T2-Devices, OU=Tier 2, OU=Admin</OU>
		<Group>Tier2Admins</Group>
		<RoleDefinition>Full Control Computers</RoleDefinition>
		<Propagate>True</Propagate>
	</Permission>
	<Permission>
		<OU>OU=T2-Groups, OU=Tier 2, OU=Admin</OU>
		<Group>Tier2Admins</Group>
		<RoleDefinition>Full Control Groups</RoleDefinition>
		<Propagate>True</Propagate>
	</Permission>
	<Permission>
		<OU>OU=T2-Groups, OU=Tier 2, OU=Admin</OU>
		<Group>Tier2Admins</Group>
		<RoleDefinition>Create Groups</RoleDefinition>
		<Propagate>True</Propagate>
	</Permission>
	<Permission>
		<OU>OU=T2-Service Accounts, OU=Tier 2, OU=Admin</OU>
		<Group>Tier2Admins</Group>
		<RoleDefinition>Full Control Users</RoleDefinition>
		<Propagate>True</Propagate>
	</Permission>
	<Permission>
		<OU>OU=T2-Service Accounts, OU=Tier 2, OU=Admin</OU>
		<Group>Tier2Admins</Group>
		<RoleDefinition>Advanced User Account Management</RoleDefinition>
		<Propagate>True</Propagate>
	</Permission>
	<Permission>
		<OU>OU=Computer Quarantine</OU>
		<Group>Tier2DeviceOperators</Group>
		<RoleDefinition>Full Control Computers</RoleDefinition>
		<Propagate>True</Propagate>
	</Permission>
	<Permission>
		<OU>OU=Devices</OU>
		<Group>Tier2DeviceOperators</Group>
		<RoleDefinition>Full Control Computers</RoleDefinition>
		<Propagate>True</Propagate>
	</Permission>
	<Permission>
		<OU>OU=Devices</OU>
		<Group>Tier2DeviceOperators</Group>
		<RoleDefinition>GPOLink Management</RoleDefinition>
		<Propagate>True</Propagate>
	</Permission>
	<Permission>
		<OU>OU=Devices</OU>
		<Group>Tier2DeviceOperators</Group>
		<RoleDefinition>Domain Join Computers</RoleDefinition>
		<Propagate>True</Propagate>
	</Permission>
	
	<Permission>
		<OU>OU=Devices</OU>
		<Group>Tier2HelpdeskOperators</Group>
		<RoleDefinition>Basic Computer Account Management</RoleDefinition>
		<Propagate>True</Propagate>
	</Permission>
	<Permission>
		<OU>OU=User Accounts</OU>
		<Group>Tier2HelpdeskOperators</Group>
		<RoleDefinition>Basic User Account Management</RoleDefinition>
		<Propagate>True</Propagate>
	</Permission>
	<Permission>
		<OU>OU=Tier 1 Servers</OU>
		<Group>Tier1ServerOperators</Group>
		<RoleDefinition>Full Control Computers</RoleDefinition>
		<Propagate>True</Propagate>
	</Permission>
	<Permission>
		<OU>OU=Tier 1 Servers</OU>
		<Group>Tier1ServerOperators</Group>
		<RoleDefinition>GPOLink Management</RoleDefinition>
		<Propagate>True</Propagate>
	</Permission>
	<Permission>
		<OU>OU=Tier 1 Servers</OU>
		<Group>Tier1ServerOperators</Group>
		<RoleDefinition>GPOLink Management</RoleDefinition>
		<Propagate>False</Propagate>
	</Permission>
	<Permission>
		<OU>OU=User Accounts</OU>
		<Group>Tier2AccountOperators</Group>
		<RoleDefinition>GPOLink Management</RoleDefinition>
		<Propagate>True</Propagate>
	</Permission>
	<Permission>
		<OU>OU=User Accounts</OU>
		<Group>Tier2AccountOperators</Group>
		<RoleDefinition>OU Creation</RoleDefinition>
		<Propagate>True</Propagate>
	</Permission>
	<Permission>
		<OU>OU=User Accounts</OU>
		<Group>Tier2AccountOperators</Group>
		<RoleDefinition>Advanced User Account Management</RoleDefinition>
		<Propagate>True</Propagate>
	</Permission>
	<Permission>
		<OU>OU=T0-Servers, OU=Tier 0, OU=Admin</OU>
		<Group>Tier0ServerOperators</Group>
		<RoleDefinition>Full Control Computers</RoleDefinition>
		<Propagate>True</Propagate>
	</Permission>
	<Permission>
		<OU>OU=Tier 1 Servers</OU>
		<Group>Tier1ServerOperators</Group>
		<RoleDefinition>Advanced Computer Account Management</RoleDefinition>
		<Propagate>True</Propagate>
	</Permission>
 	<Permission>
		<OU>OU=Tier 1 Servers</OU>
		<Group>Tier1ServerOperators</Group>
		<RoleDefinition>Domain Join Computers</RoleDefinition>
		<Propagate>True</Propagate>
	</Permission>
	<Permission>
		<OU>OU=Groups</OU>
		<Group>Tier2GroupOperators</Group>
		<RoleDefinition>OU Creation</RoleDefinition>
		<Propagate>True</Propagate>
	</Permission>
	<Permission>
		<OU>OU=Groups</OU>
		<Group>Tier2GroupOperators</Group>
		<RoleDefinition>Group Management</RoleDefinition>
		<Propagate>True</Propagate>
	</Permission>
</SetPermissions>
<Roles>
   <Role name="Full Control">
	<Activity>FullControl</Activity>
   </Role>
   <Role name="Full Control Users">
	<Activity>FullControlUsers</Activity>
   </Role>
   <Role name="Full Control Groups">
	<Activity>FullControlGroups</Activity>
   </Role> 
   <Role name="Full Control Computers">
	<Activity>FullControlComputers</Activity>
   </Role>
   <Role name="Group Membership Management">
	<Activity>ModifyGroupGroupMembership</Activity>
	<Activity>ModifyGroupMembership</Activity>
   </Role>
   <Role name="Create Groups">
	<Activity>CreateGroup</Activity>
   </Role>
   <Role name="Basic Computer Account Management">
	<Activity>DisableComputerAccount</Activity>
	<Activity>ModifyComputerGroupMembership</Activity>
	<Activity>EnableDisabledComputerAccount</Activity>
	<Activity>ReadComputerTPMBitLockerInfo</Activity>
	<Activity>ReadComputerAdmPwd</Activity>
   </Role>
   <Role name="Domain Join Computers">
	<Activity>DomainJoinComputers</Activity>
	<Activity>RenameComputerAccount</Activity>
   </Role>
   <Role name="Basic User Account Management">
	<Activity>ResetUserPasswords</Activity>
	<Activity>DisableUserAccount</Activity>
	<Activity>EnableDisabledUserAccount</Activity>
	<Activity>UnlockUserAccount</Activity>
	<Activity>DenySetUserSPN</Activity>
	<Activity>DenyModifyLogonScript</Activity>
   </Role>
   <Role name="Advanced User Account Management">
	<Activity>CreateUserAccount</Activity>
	<Activity>DeleteUserAccount</Activity>
	<Activity>RenameUserAccount</Activity>
	<Activity>ResetUserPasswords</Activity>
	<Activity>DisableUserAccount</Activity>
	<Activity>EnableDisabledUserAccount</Activity>
	<Activity>UnlockUserAccount</Activity>
	<Activity>ModifyUserProperties</Activity>
	<Activity>DenySetUserSPN</Activity>
	<Activity>DenyModifyLogonScript</Activity>
   </Role>
   <Role name="AD Sites Management">
	<Activity>CreateSiteObjects</Activity>
	<Activity>DeleteSiteObjects</Activity>
	<Activity>ModifySiteProperties</Activity>
   </Role>
   <Role name="AD Subnet Management">
	<Activity>CreateSubnetObjects</Activity>
	<Activity>DeleteSubnetObjects</Activity>
	<Activity>ModifySubnetProperties</Activity>
   </Role>
   <Role name="AD SiteLink Management">
	<Activity>CreateSiteLinkObjects</Activity>
	<Activity>DeleteSiteLinkObjects</Activity>
	<Activity>ModifySiteLinkProperties</Activity>
   </Role>
   <Role name="AD Replication Management">
	<Activity>ManageReplicationTopology</Activity>
	<Activity>ReplicatingDirectoryChanges</Activity>
	<Activity>ReplicatingDirectoryChangesAll</Activity>
	<Activity>ReplicatingDirectoryChangesInFilteredSet</Activity>
	<Activity>ReplicationSynchronization</Activity>
   </Role>
   <Role name="GenerateResultantSetOfPolicy">
	<Activity>GenerateRsopPlanning</Activity>
	<Activity>GenerateRsopLogging</Activity>
   </Role>
   <Role name="GPOLink Management">
	<Activity>LinkGPO</Activity>
   </Role>
   <Role name="Advanced Computer Account Management">
	<Activity>CreateComputerAccount</Activity>
	<Activity>DeleteComputerAccount</Activity>
   </Role>
   <Role name="OU Creation">
	<Activity>CreateOU</Activity>
   </Role>
<Role name="Group Management">
	<Activity>CreateGroup</Activity>
	<Activity>DeleteGroup</Activity>
	<Activity>RenameGroup</Activity>
	<Activity>ModifyGroupProperties</Activity>
	<Activity>ModifyGroupMembership</Activity>
	<Activity>ModifyGroupGroupMembership</Activity>
   </Role>
</Roles>
</Configuration>
