<BackupInst xmlns="http://www.microsoft.com/GroupPolicy/GPOOperations/Manifest"><GPOGuid><![CDATA[{A163FC9D-CEDB-4749-BCB3-16B3BABFC7D4}]]></GPOGuid><GPODomain><![CDATA[contoso.com]]></GPODomain><GPODomainGuid><![CDATA[{f0c9a534-b03f-4f34-b74e-9a58750f24e0}]]></GPODomainGuid><GPODomainController><![CDATA[WIN-QVUK5D2VQ2V.contoso.com]]></GPODomainController><BackupTime><![CDATA[2018-06-28T12:53:12]]></BackupTime><ID><![CDATA[{CB1DCEE7-C965-4A9F-A5FC-D12053DA7390}]]></ID><Comment><![CDATA[]]></Comment><GPODisplayName><![CDATA[*- Tier 2 PAWs MSFT Windows 10 and Server 2016 Defender Antivirus - Windows 10 RS3]]></GPODisplayName></BackupInst>
