<BackupInst xmlns="http://www.microsoft.com/GroupPolicy/GPOOperations/Manifest"><GPOGuid><![CDATA[{584B4D17-80B4-46B8-A4B5-7DB96DC1E59C}]]></GPOGuid><GPODomain><![CDATA[treyresearch.net]]></GPODomain><GPODomainGuid><![CDATA[{eec1d81e-fb6a-4aad-8469-9cbf0c84fbce}]]></GPODomainGuid><GPODomainController><![CDATA[WIN-F1GJ2LI24P0.treyresearch.net]]></GPODomainController><BackupTime><![CDATA[2018-12-31T06:09:40]]></BackupTime><ID><![CDATA[{24B028C9-FB32-44CA-A5EE-AE356794DA92}]]></ID><Comment><![CDATA[]]></Comment><GPODisplayName><![CDATA[*- MSFT Windows 10 and Server 2016 - Domain Security]]></GPODisplayName></BackupInst>
