<BackupInst xmlns="http://www.microsoft.com/GroupPolicy/GPOOperations/Manifest"><GPOGuid><![CDATA[{DBE47721-E2CD-40F0-B519-97466DD42878}]]></GPOGuid><GPODomain><![CDATA[contoso.com]]></GPODomain><GPODomainGuid><![CDATA[{f0c9a534-b03f-4f34-b74e-9a58750f24e0}]]></GPODomainGuid><GPODomainController><![CDATA[WIN-QVUK5D2VQ2V.contoso.com]]></GPODomainController><BackupTime><![CDATA[2018-06-28T12:52:59]]></BackupTime><ID><![CDATA[{EE121CCF-3CDC-4807-8D64-A8844B7BA9AE}]]></ID><Comment><![CDATA[]]></Comment><GPODisplayName><![CDATA[*- Tier 0 Servers SCM Windows Server 2016 - Member Server Baseline - User]]></GPODisplayName></BackupInst>
