<BackupInst xmlns="http://www.microsoft.com/GroupPolicy/GPOOperations/Manifest"><GPOGuid><![CDATA[{CEF4F619-9374-4F99-9EC0-9F391D56D3CE}]]></GPOGuid><GPODomain><![CDATA[treyresearch.net]]></GPODomain><GPODomainGuid><![CDATA[{eec1d81e-fb6a-4aad-8469-9cbf0c84fbce}]]></GPODomainGuid><GPODomainController><![CDATA[WIN-F1GJ2LI24P0.treyresearch.net]]></GPODomainController><BackupTime><![CDATA[2018-12-31T06:09:01]]></BackupTime><ID><![CDATA[{8C21965E-414B-44C2-8ED1-96EB609000B4}]]></ID><Comment><![CDATA[]]></Comment><GPODisplayName><![CDATA[*- Tier 0 PAWs MSFT Windows 10 RS2 - Bitlocker]]></GPODisplayName></BackupInst>
