<BackupInst xmlns="http://www.microsoft.com/GroupPolicy/GPOOperations/Manifest"><GPOGuid><![CDATA[{F42A9317-DBC6-4968-B11F-0F9CE4F337D0}]]></GPOGuid><GPODomain><![CDATA[treyresearch.net]]></GPODomain><GPODomainGuid><![CDATA[{eec1d81e-fb6a-4aad-8469-9cbf0c84fbce}]]></GPODomainGuid><GPODomainController><![CDATA[WIN-F1GJ2LI24P0.treyresearch.net]]></GPODomainController><BackupTime><![CDATA[2018-12-31T06:09:11]]></BackupTime><ID><![CDATA[{8FB4FF53-9296-4D3F-B99C-3E53455BBE62}]]></ID><Comment><![CDATA[]]></Comment><GPODisplayName><![CDATA[*- Tier 1 PAWs]]></GPODisplayName></BackupInst>
