<BackupInst xmlns="http://www.microsoft.com/GroupPolicy/GPOOperations/Manifest"><GPOGuid><![CDATA[{FE6419D9-42AE-4BC0-B419-FC1252095C4C}]]></GPOGuid><GPODomain><![CDATA[contoso.com]]></GPODomain><GPODomainGuid><![CDATA[{f0c9a534-b03f-4f34-b74e-9a58750f24e0}]]></GPODomainGuid><GPODomainController><![CDATA[WIN-QVUK5D2VQ2V.contoso.com]]></GPODomainController><BackupTime><![CDATA[2018-06-28T12:52:52]]></BackupTime><ID><![CDATA[{D8BDCA20-45AD-488B-A2B8-A47D852BDAD6}]]></ID><Comment><![CDATA[]]></Comment><GPODisplayName><![CDATA[*- Tier 0 PAWs]]></GPODisplayName></BackupInst>
