<BackupInst xmlns="http://www.microsoft.com/GroupPolicy/GPOOperations/Manifest"><GPOGuid><![CDATA[{AA182FEA-8685-44AD-9DE6-2B8B41C18170}]]></GPOGuid><GPODomain><![CDATA[contoso.com]]></GPODomain><GPODomainGuid><![CDATA[{f0c9a534-b03f-4f34-b74e-9a58750f24e0}]]></GPODomainGuid><GPODomainController><![CDATA[WIN-QVUK5D2VQ2V.contoso.com]]></GPODomainController><BackupTime><![CDATA[2018-06-28T12:52:39]]></BackupTime><ID><![CDATA[{CACCFBE9-B126-442B-9C1B-2983A1BFF0C6}]]></ID><Comment><![CDATA[]]></Comment><GPODisplayName><![CDATA[*- Tier 0 DCs MSFT Windows Server 2012 R2 Domain Controller Baseline]]></GPODisplayName></BackupInst>
